Active Ingredient 1,Active Ingredient 2
           Paracetamol,paracetamol
 Amoxycillin trihydrate equivalent to amoxycillin,amoxicillin trihydrate equivalent to amoxicillin
 Benzocaine ,benzocaine
 Caffeine ,caffeine
 Capreomycin,capreomycin
 Cetirizine,cetirizine
 Codeine Phosphate,codeine phosphate
 Codeine phosphate ,codeine phosphate
 Cyproterone acetate ,cyproterone acetate
 Diflucortolone valetrate ,diflucortolone valetrate
 Diphenhydramine HCl ,diphenhydramine hcl
 d-Norpseudoephedrine HCI   ,d-norpseudoephedrine hci
 Doxylamine succinate,doxylamine succinate
 Doxylamine succinate ,doxylamine succinate
 Ethinyl estradiol,ethinyl estradiol
 Extract ipecac liquid ,extract ipecac liquid
 Hepatitis B,hepatitis b
 Hydrochlorothiazide,hydrochlorothiazide
 Isoniazid ,isoniazid
 Mebeverine HCL,mebeverine hcl
 Meprobamate ,meprobamate
 Metronidazole,metronidazole
 Nitrogen,nitrogen
 Nocitinamide,nocitinamide
 Paracetamol ,paracetamol
 Pencilovir,pencilovir
 phenlypropanolamine HCI ,phenlypropanolamine hci
 Phenyltoloxamine,phenyltoloxamine
 Piperonyl Butoxide,piperonyl butoxide
 Potassium Chloride,potassium chloride
 Pseudoephedrine HCl,pseudoephedrine hydrochloride
 Sodium Chloride,sodium chloride
 Topiramate,topiramate
1 microgram of polysaccharide for serotypes,polysaccharide for serotypes (1 microgram)
1.  Nitrogen,nitrogen
"10 % Amino Acid Solution, 40 % Glucose solution, 20 % Lipid Emulsion","amino acid solution 10%, 40 % glucose solution, 20 % lipid emulsion"
10 µg of darbepoetin alfa,darbepoetin alfa
10. Zinc,zinc
11. Copper,copper
12% Amino Acids Solution 31.25% Clucose Solution 15% Lipid emulsion,"amino acids solution 12%,  31.25% glucose solution 15% lipid emulsion"
12. Manganese,manganese
13. Selenium,selenium
14. Fluoride,fluoride
15. Iodine,iodine
150 µg of darbepoetin alfa,darbepoetin alfa
16. Thiamine HCI,thiamine hci
17. Riboflavine,riboflavine
18. Nicotinamide,nicotinamide
19. Pyridoxine,pyridoxine
2.  Glucose,glucose
20 µg of darbepoetin alfa,darbepoetin alfa
20. Pantothenic Acid,pantothenic acid
21. Ascorbic Acid,ascorbic acid
22. Biotin,biotin
23. Folic Acid,folic acid
24. Cyanocobalamin,cyanocobalamin
25. Vitamin A,vitamin a
26. Vitamin D2,vitamin d3
27. Vitamin E,vitamin e
28. Vitamin K1,vitamin k2
29. Iron,iron
3.  Lipid,lipid
30 µg of darbepoetin alfa,darbepoetin alfa
30. Chromium,chromium
300 µg of darbepoetin alfa,darbepoetin alfa
3-0-desacyl-4-4monophosphoryl lipid A (MPL),desacyl  3-0- monophosphoryl lipid a -4-4 (mpl)
31. Molybdenum,molybdenum
4.  Sodium,sodium
5 Fluorouracil,fluorouracil
"5,5 % Amino Acid Solution, 20 % Glucose solution, 10 % Lipid Emulsion","amino acid solution 5,5 % , 20 % glucose solution, 10 % lipid emulsion"
5.  Potassium,potassium
50% Insulin Lispro Protamine Suspension (NPL),insulin lispro protamine suspension 50%  (npl)
5-Fluorouracil,fluorouracil
6.  Chloride,chloride
60 µg of darbepoetin alfa,darbepoetin alfa
7.  Magnesium,magnesium
75% Insulin Lispro Protamine Suspension (NPL),insulin lispro protamine suspension 75%  (npl)
"8,5 % Amino Acid Solution, 30 % Glucose solution, 20 % Lipid Emulsion","amino acid solution 8,5 % , 30 % glucose solution, 20 % lipid emulsion"
"8,5% Amino Acid Solution, 30 % Glucose solution, 20 % Lipid Emulsion","amino acid solution 8,5 % , 30 % glucose solution, 20 % lipid emulsion"
8.  Calcium,calcium
9.  Phosphate,phosphate
A/ (H1N1),a/ (h1n1)
A/ (H3N2)  ,a/ (h3n2)
Abacavir,abacavir
Abacavir ,abacavir
Abacavir          ,abacavir
Abacavir sulphate,abacavir sulphate
Abatacept,abatacept
Abciximab,abciximab
Acamprosate calcium,acamprosate calcium
Acarbose,acarbose
Acebutolol,acebutolol
Acetazolamide,acetazolamide
Acetic acid,acetic acid
Acetylcholine,acetylcholine
Acetylcysteine,acetylcysteine
Acetylsalicylic acid,acetylsalicylic acid
Aciclovir,aciclovir
Aciclovir Sodium ,aciclovir sodium
Acipimox,acipimox
Acitretin,acitretin
Acriflavinium chloride,acriflavinium chloride
Acyclovir,acyclovir
Acyclovir ,acyclovir
Adalimumab,adalimumab
Adapalene,adapalene
Adenosine,adenosine
Adrenaline,adrenaline
Adrenaline base,adrenaline base
Adrenaline hydrochloride,adrenaline hydrochloride
Aescin,aescin
Aesculin,aesculin
Agalsidase Alfa,agalsidase alfa
Agomelatine,agomelatine
Alanine,alanine
Albendazole,albendazole
Albumin,albumin
Alcohol,alcohol
Alcuronium,alcuronium
Alemtuzumab,alemtuzumab
ALENDRONATE MONOSODIUM TRIHYDRATE,alendronate monosodium trihydrate
Alendronate Sodium,alendronate sodium
Alendronate Sodium ,alendronate sodium
Alendronic Acid,alendronic acid
Alfacalcidol,alfacalcidol
Alfentanil,alfentanil
Alfuzosin,alfuzosin
Alfuzosin Hydrochloride,alfuzosin hydrochloride
Alimemazine,alimemazine
Allopurinol,allopurinol
Alluminium Hydroxide,alluminium hydroxide
Alprazolam,alprazolam
Alprostadil,alprostadil
Alteplase,alteplase
Aluminium hydroxide,aluminium hydroxide
Aluminium Hydroxide ,aluminium hydroxide
Aluminium Hydroxide gel,aluminium hydroxide gel
Aluminium oxide,aluminium oxide
Alverine,alverine
Amantadine,amantadine
Amifostine,amifostine
Amikacin,amikacin
Amiloride,amiloride
Amiloride HCl,amiloride hcl
Amino acids,amino acids
Aminoacridine,aminoacridine
Aminophylline,aminophylline
Amiodarone,amiodarone
Amiodarone HCI,amiodarone hci
Amiodarone Hydrochloride 150mg/3ml,amiodarone hydrochloride 150mg/3ml
Amisulpride,amisulpride
Amitriptyline,amitriptyline
Amitriptyline Hydrochloride,amitriptyline hydrochloride
Amlodipine,amlodipine
Amlodipine ,amlodipine
Amlodipine  Besilate ,amlodipine besilate
Amlodipine Besilate,amlodipine besilate
Amlodipine Besilate 10mg,amlodipine besilate 10mg
Amlodipine Besilate 5mg,amlodipine besilate 5mg
Amlodipine Besylate,amlodipine besilate
Amlodipine besylate ,amlodipine besilate
Amlodipine Besylate   ,amlodipine besilate
Amlodipine Maleate,amlodipine maleate
Ammonium chloride,ammonium chloride
Ammonium chloride ,ammonium chloride
Amorolfine,amorolfine
Amoxicillin,amoxicillin
Amoxicillin ,amoxicillin
Amoxicillin anhydrous,amoxicillin anhydrous
Amoxicillin Trihydrate,amoxicillin trihydrate
Amoxycillin,amoxicillin
Amoxycillin ,amoxicillin
Amoxycillin trihydrate,amoxicillin trihydrate
Amoxycillin trihydrate equivalent to amoxycillin,amoxicillin trihydrate equivalent to amoxicillin
Amoxycillin trihydrate equivalent to amoxycillin ,amoxicillin trihydrate equivalent to amoxicillin
Amoxyclav,amoxyclav
Amphotericin B,amphotericin b
Ampicillin,ampicillin
Ampicillin 250mg & cloxacillin 250mg,ampicillin 250mg & cloxacillin 250mg
Ampicillin sodium equivalent to ampicillin anhydrous ,ampicillin sodium equivalent to ampicillin anhydrous
Ampicillin trihydrate,ampicillin trihydrate
Amyl nitrite,amyl nitrite
Anaesthetic ether,anaesthetic ether
Anagrelide,anagrelide
Anastrozole,anastrozole
Anhydrous Methyldopa,anhydrous methyldopa
Anhydrous Theophfylline,anhydrous theophfylline
Anhydrous Theophylline,anhydrous theophylline
Aniseed oil ,aniseed oil
Antazoline,antazoline
Antazoline Hydrochloride ,antazoline hydrochloride
Anti-D (rh) immunoglobulin,anti-d (rh) immunoglobulin
Antilymphocyte immunoglobulin (Equine),antilymphocyte immunoglobulin (equine)
Antithymocyte immunoglobulin (rabbit),antithymocyte immunoglobulin (rabbit)
Apraclonidine,apraclonidine
Aprepitant,aprepitant
Aprotinin,aprotinin
Arginine hydrochloride,arginine hydrochloride
Aripiprazole,aripiprazole
Artemether,artemether
Articaine Hydrochloride,articaine hydrochloride
asafoetida,asafoetida
Asafoetida tincture,asafoetida tincture
Ascorbic acid,ascorbic acid
Ascorbic Acid  ,ascorbic acid
Ascorbic acid (vit C),ascorbic acid
Ascorbic acid (vitamin C),ascorbic acid
Asparaginase,asparaginase
Aspirin,aspirin
Aspirin 300mg White,aspirin
Atazanavir,atazanavir
Atenolol,atenolol
Atenolol ,atenolol
Atenolol 100mg,atenolol
Atomoxetine,atomoxetine
Atorvastatin,atorvastatin
Atorvastatin calcium,atorvastatin calcium
Atosiban,atosiban
Atovaquone,atovaquone
Atovaquone                                                                                                                    ,atovaquone
Atracurium,atracurium
Atropine,atropine
Atropine sulphate,atropine sulphate
Atropine sulphate  ,atropine sulphate
Azacitadine,azacitadine
Azathioprine,azathioprine
Azathioprine ,azathioprine
Azelaic acid,azelaic acid
Azelastine,azelastine
Azelastine Hydrochloride,azelastine hydrochloride
Azithromycin,azithromycin
Azithyromycin dihydrate,azithyromycin dihydrate
Aztreonam,aztreonam
B/,b/
Bacitracin,bacitracin
Bacitracin zinc,bacitracin zinc
Baclofen,baclofen
Balsum of Peru,balsum of peru
Barium sulfate with suspending agents,barium sulfate with suspending agents
Barium Sulphate,barium sulphate
Basiliximab,basiliximab
BCG Danish SSI strain vaccine,bcg danish ssi strain vaccine
BCG vaccine,bcg vaccine
Beclometasone,beclometasone
Beclometasone dipropionate,beclometasone dipropionate
Beclomethasone  Dipropionate,beclomethasone dipropionate
Beclomethasone dipropionate,beclomethasone dipropionate
Bee venom,bee venom
Benazepril,benazepril
Benserazide,benserazide
Benzalkonium,benzalkonium
Benzathine benzylpenicillin,benzathine benzylpenicillin
Benzhexol HCL ,benzhexol hcl
Benzocaine,benzocaine
Benzoic acid,benzoic acid
Benzoin Tincture,benzoin tincture
Benzoyl peroxide,benzoyl peroxide
Benzydamine,benzydamine
Benzydamine hydrochloride,benzydamine hydrochloride
Benzydamine hydrochoride,benzydamine hydrochloride
Benzyl benzoate,benzyl benzoate
Benzylpenicillin,benzylpenicillin
Benzylpenicillin sodium,benzylpenicillin sodium
Beractant,beractant
Betahistine,betahistine
betahydroxyethyl theophylline,betahydroxyethyl theophylline
Betamethasone,betamethasone
betamethasone acetate,betamethasone acetate
Betamethasone dipropionate as betamethasone,betamethasone dipropionate as betamethasone
Betamethasone Valerate equivalent to Betamethasone ,betamethasone valerate equivalent to betamethasone
Betaxolol,betaxolol
Betiatide,betiatide
Betmethasone sodium phosphate,betmethasone sodium phosphate
Betmethasone sodium phosphate ,betmethasone sodium phosphate
Bevacizumab,bevacizumab
Bezafibrate,bezafibrate
Bicalutamide,bicalutamide
Bifonazole,bifonazole
Bimatoprost,bimatoprost
Bioallethrin,bioallethrin
Biotin,biotin
Biperiden,biperiden
Biperiden HCl,biperiden hcl
Bismuth aluminate,bismuth aluminate
Bismuth carbonate,bismuth carbonate
Bismuth oxide,bismuth oxide
Bismuth Subcarbonate,bismuth subcarbonate
Bismuth subcitrate,bismuth subcitrate
Bismuth subgallate,bismuth subgallate
Bismuth subiodide,bismuth subiodide
Bisoprolol,bisoprolol
Bisoprolol Fumarate,bisoprolol fumarate
Blackberry Root Powder,blackberry root powder
Bleomycin,bleomycin
Bleomycin Lyophilized Powder,bleomycin lyophilized powder
Bleomycin Sulphate,bleomycin sulphate
Blue: Medroxyprogesterone Acetate,methoxyprogesterone acetate(blue)
Boric acid,boric acid
Bortezomib,bortezomib
Botulinum Toxin,botulinum toxin
Botulinum Toxin Type A,botulinum toxin type a
Brimonidine and purite,brimonidine and purite
Brinzolamide,brinzolamide
Bromazepam,bromazepam
Bromhexine,bromhexine
Bromhexine Hydrochloride,bromhexine hydrochloride
Brominidine tartrate,brominidine tartrate
Bromocriptine,bromocriptine
Brompheniramine,brompheniramine
Brompheniramine Maleate,brompheniramine maleate
Brotizolam,brotizolam
Buclizine,buclizine
Budesonide,budesonide
Buflomedil,buflomedil
Bufylline,bufylline
Bumetanide,bumetanide
Bupivacaine,bupivacaine
Buprenorphine,buprenorphine
Buprenorphine/naloxone,buprenorphine/naloxone
Bupropion,bupropion
Bupropion hydrochloride.,bupropion hydrochloride.
Busalfan,busalfan
Buserelin,buserelin
Buspirone,buspirone
Busulfan,busulfan
Cabergoline,cabergoline
Cafedrine,cafedrine
Caffeine,caffeine
caffeine ,caffeine
Caffeine alkaloid,caffeine alkaloid
Caffeine Anhydrous,caffeine anhydrous
Caffeine hydrate,caffeine hydrate
Caffiene anhyrdous ,caffiene anhyrdous
Calamine,calamine
Calcifediol,calcifediol
Calcipotriol,calcipotriol
Calcitonin (salmon synthetic),calcitonin (salmon synthetic)
Calcitriol,calcitriol
Calcium,calcium
Calcium (different salts in combination),calcium (different salts in combination)
Calcium ascorbate,calcium ascorbate
Calcium Carbonate,calcium carbonate
Calcium chloride,calcium chloride
Calcium Chloride (Dihydrate),calcium chloride (dihydrate)
Calcium Chloride BP,calcium chloride bp
Calcium Chloride Dihydrate,calcium chloride dihydrate
Calcium Chloride in WFI,calcium chloride in wfi
Calcium gluconate,calcium gluconate
Calcium Leucovorin,calcium leucovorin
Calcium levofolinate,calcium levofolinate
Calcium pantothenate,calcium pantothenate
Calcium Saccharate,calcium saccharate
Camphor,camphor
Camphora,camphora
camphorated spirits,camphorated spirits
CaNa3DTPA ,cana3dtpa
Candesartan,candesartan
Candesartan Cilexetil,candesartan cilexetil
Capecitabine,capecitabine
capsicum tincture,capsicum tincture
CAPTOPRIL,captopril
Carbamazepine,carbamazepine
Carbamide,carbamide
Carbidopa,carbidopa
Carbimazole,carbimazole
Carbocisteine,carbocisteine
Carbocysteine,carbocysteine
carboplatin,carboplatin
Carboplatin Solution,carboplatin solution
Carmustine,carmustine
Carvedilol,carvedilol
Caspofungin,caspofungin
catechu tincture,catechu tincture
Cathine,cathine
Cefaclor,cefaclor
Cefadroxil,cefadroxil
Cefadroxil Anhydrous,cefadroxil anhydrous
Cefalexin,cefalexin
Cefamandole,cefamandole
Cefazolin,cefazolin
Cefazolin 1g,cefazolin
Cefazolin Sodium ,cefazolin sodium
Cefepime,cefepime
Cefixime,cefixime
cefopodoxime,cefopodoxime
Cefotaxime,cefotaxime
Cefotaxime ,cefotaxime
Cefotaxime sodium,cefotaxime sodium
Cefotaxime sodium eq to Cefotaxime,cefotaxime sodium eq to cefotaxime
Cefoxitin,cefoxitin
Cefpirome,cefpirome
Cefpodoxime,cefpodoxime
Cefpodoxime Proxetil,cefpodoxime proxetil
Cefpodozime,cefpodozime
Cefprozil,cefprozil
Cefprozil monohydrate,cefprozil monohydrate
Cefradine,cefradine
Ceftazidime,ceftazidime
Ceftazidime pentahydrate,ceftazidime pentahydrate
Ceftazidime pentahydrate ,ceftazidime pentahydrate
Ceftazidime pentahydrate equiv to Ceftazidime,ceftazidime pentahydrate equiv to ceftazidime
Ceftriaxone,ceftriaxone
Ceftriaxone ,ceftriaxone
Ceftriaxone sodium equiv to Ceftriaxone,ceftriaxone sodium equiv to ceftriaxone
Cefuroxime,cefuroxime
Cefuroxime ,cefuroxime
Cefuroxime 250,cefuroxime 250
Cefuroxime 500,cefuroxime 500
Cefuroxime Axetil,cefuroxime axetil
Cefuroxime Sodium,cefuroxime sodium
Celecoxib,celecoxib
Cellulase,cellulase
Cephalexin,cephalexin
Cetalkonium,cetalkonium
Cetirizine,cetirizine
Cetirizine ,cetirizine
Cetirizine  Dihydrochloride,cetirizine dihydrochloride
Cetirizine 10mg,cetirizine 10mg
Cetirizine Dihydrochloride,cetirizine dihydrochloride
Cetirizine Hydrochloride,cetirizine hydrochloride
Cetirizine Hydrochloride ,cetirizine hydrochloride
Cetrimide,cetrimide
Cetrorelix acetate,cetrorelix acetate
Cetuximab,cetuximab
Cetylpyridinium,cetylpyridinium
cetylpyridinium chloride,cetylpyridinium chloride
Chlorambucil,chlorambucil
Chloramphenicol,chloramphenicol
Chlorbutanol,chlorbutanol
Chlorbutol,chlorbutol
Chlordiazepoxide,chlordiazepoxide
Chlorhexidine,chlorhexidine
Chlorhexidine               ,chlorhexidine
Chlorhexidine Gluconate,chlorhexidine gluconate
Chloride,chloride
Chlorobutanol,chlorobutanol
Chlorodyne,chlorodyne
chloroform,chloroform
chloroform spirit,chloroform spirit
Chloroquine,chloroquine
Chloroquine Sulphate,chloroquine sulphate
Chlorphenamine,chlorphenamine
chlorphenamine Maleate,chlorphenamine maleate
Chlorpheniramine,chlorpheniramine
Chlorpheniramine maleate,chlorpheniramine maleate
Chlorpheniramine maleate ,chlorpheniramine maleate
Chlorpromazine,chlorpromazine
Chlorpropamide,chlorpropamide
Chlortalidone,chlortalidone
"Cholera, inactivated, whole cell","cholera, inactivated, whole cell"
Chondroitin sulfate,chondroitin sulfate
Choriogonadotropin Alfa,choriogonadotropin alfa
Chorionic gonadotropin,chorionic gonadotropin
Chromium,chromium
Ciclesonide,ciclesonide
Ciclosporin,ciclosporin
Cilazapril,cilazapril
Cimetadine,cimetadine
Cimetidine,cimetidine
Cimetidine 200mg,cimetidine 200mg
Cinacalcet,cinacalcet
Cinchocaine,cinchocaine
Cinchocaine hydrochloride,cinchocaine hydrochloride
Cinnarizine,cinnarizine
Ciprofloxacin,ciprofloxacin
Ciprofloxacin 250mg,ciprofloxacin 250mg
Ciprofloxacin 500mg,ciprofloxacin 500mg
Cisapride,cisapride
Cisatracurium,cisatracurium
Cisplatin,cisplatin
Cisplatin Powder,cisplatin powder
Cisplatin Solution,cisplatin solution
Citalopram,citalopram
Citalopram ,citalopram
Citalopram hydrobromide,citalopram hydrobromide
Citalopram Hydrobromide ,citalopram hydrobromide
Citric acid,citric acid
Cladribine,cladribine
Clarithromycin,clarithromycin
Clarithromycin 500mg,clarithromycin 500mg
Clavulanic acid,clavulanic acid
Clemastine,clemastine
Clidinium,clidinium
Clindamycin,clindamycin
Clioquinol,clioquinol
Clobazam,clobazam
Clobetasol,clobetasol
Clobetasol Propiomate,clobetasol propiomate
Clobetasone,clobetasone
Clodronic acid,clodronic acid
Clomifene,clomifene
Clomifene citrate,clomifene citrate
Clomipramine,clomipramine
Clomipramine  ,clomipramine
Clomipramine hydrochloride,clomipramine hydrochloride
Clonazepam,clonazepam
Clonidine,clonidine
Clonidine HCI,clonidine hci
Clopidogrel,clopidogrel
Clopidogrel ,clopidogrel
Clopidogrel Bisulphite equivalent to Clopidogrel,clopidogrel bisulphite equivalent to clopidogrel
Clotiapine,clotiapine
Clotriamazole ,clotriamazole
Clotrimazole,clotrimazole
Clotrimazole ,clotrimazole
Clove Oil,clove oil
Cloxacillin,cloxacillin
Cloxacillin Sodium,cloxacillin sodium
Cloxacillin sodium equivalent to cloxacillin anhydrous,cloxacillin sodium equivalent to cloxacillin anhydrous
Clozapine,clozapine
Coagulation factor IX,coagulation factor ix
"Coagulation factor IX, II, VII and X in combination","coagulation factor ix, ii, vii and x in combination"
Coagulation factor VII,coagulation factor vii
Coagulation factor VIII,coagulation factor viii
cocaine,cocaine
Cocillana,cocillana
Cod liver oil,cod liver oil
Codeien Phosphate,codeine phosphate
Codeine,codeine
Codeine phosphate,codeine phosphate
codeine phosphate ,codeine phosphate
Colchicine,colchicine
Colecalciferol,colecalciferol
Colestyramine,colestyramine
Collagen,collagen
Collagen fibrils,collagen fibrils
Collagenase clostridiopeptidase A,collagenase clostridiopeptidase a
Combination,combination
compound lavender,compound lavender
Conjugated estrogens,conjugated estrogens
Copper,copper
Copper sulfate,copper sulfate
Copper surface area 380 square mm,copper surface area 380 square mm
Cotrimazole,cotrimazole
Co-Trimoxazole,co-trimoxazole
Co-trimoxazole ,co-trimoxazole
Cromoglicic acid,cromoglicic acid
Cyanocobalamin,cyanocobalamin
Cyanocobalamin (vit B12),cyanocobalamin
Cyclizine,cyclizine
Cyclizine HCI,cyclizine hci
Cyclizine Hydrochloride,cyclizine hydrochloride
Cyclopentolate,cyclopentolate
Cyclopentolate Hydrochloride,cyclopentolate hydrochloride
Cyclophosphamide,cyclophosphamide
Cycloserine,cycloserine
Cyproheptadine,cyproheptadine
Cyproterone,cyproterone
Cyproterone acetate,cyproterone acetate
Cyproterone acetate/Ethinylestradiol,cyproterone acetate/ethinylestradiol
Cyprotorone Acetate Tablets,cyprotorone acetate tablets
Cytarabine,cytarabine
Dabigatran etexilate,dabigatran etexilate
Dacarbazine,dacarbazine
Daclizumab,daclizumab
Dalteparin,dalteparin
Danazol,danazol
Dantrolene,dantrolene
Dapsone,dapsone
darbepoetin alfa ,darbepoetin alfa
Darifenacin hydrobromide ,darifenacin hydrobromide
Darunavir,darunavir
Dasatanib,dasatanib
Daunorubicin,daunorubicin
Deferoxamine,deferoxamine
Dehydrocholic acid,dehydrocholic acid
Dequalinium Chloride,dequalinium chloride
Desflurane,desflurane
Desloratadine,desloratadine
Desloratidine,desloratidine
Desmopressin,desmopressin
Desogestrel,desogestrel
Desonide,desonide
Dexamethasone,dexamethasone
Dexamethazone,dexamethazone
Dexchlorpheniramine,dexchlorpheniramine
Dexchlorpheniramine Maleate,dexchlorpheniramine maleate
Dexmedetomidine hydrochloride,dexmedetomidine hydrochloride
Dexpanthenol,dexpanthenol
"Dexpanthenol, ",dexpanthenol
Dextran,dextran
Dextromethorphan,dextromethorphan
Dextromethorphan hydrobromide,dextromethorphan hydrobromide
Dextromethorphan hydrobromide ,dextromethorphan hydrobromide
Dextropropoxyphene,dextropropoxyphene
Dextrose ,dextrose
Dextrose Monohydrate,dextrose monohydrate
Diazepam,diazepam
Dibucaine HCl ,dibucaine hcl
Dichlorobenzyl alcohol,dichlorobenzyl alcohol
Diclofanac Sodium,diclofanac sodium
Diclofenac,diclofenac
Diclofenac ,diclofenac
Diclofenac potassium,diclofenac potassium
Diclofenac sodium,diclofenac sodium
Diclofenak Potassium,diclofenak potassium
Dicyclomine,dicyclomine
Dicyclomine HCI ,dicyclomine hci
Dicyclomine Hdrochloride,dicyclomine hdrochloride
Dicycloverine,dicycloverine
Dicycloverine Hydrochloride,dicycloverine hydrochloride
Didanosine,didanosine
Diethylamine salicylate,diethylamine salicylate
Diethylpropion HCl,diethylpropion hcl
Diflucortolone valerate,diflucortolone valetrate
Digoxin,digoxin
Dihydrocodeine,dihydrocodeine
Dihydroergocristine,dihydroergocristine
Diiodohydroxyquinoline,diiodohydroxyquinoline
Diisopropyl -IDA ,diisopropyl -ida
Diltiazem,diltiazem
Diltiazem HCl,diltiazem hcl
Diltiazem Hydrochloride,diltiazem hydrochloride
Dimercaptosuccinic acid,dimercaptosuccinic acid
Dimethicone,dimethicone
Dimethylaminoethanol,dimethylaminoethanol
Dimethylpolysiloxane,dimethylpolysiloxane
Dimetindene,dimetindene
Dinoprost,dinoprost
Dinoprostone,dinoprostone
Diphenhidramine Chloride,diphenhidramine chloride
Diphenhydramine,diphenhydramine
Diphenhydramine HCL,diphenhydramine hcl
Diphenhydramine HCl ,diphenhydramine hcl
Diphenhydramine HCL                ,diphenhydramine hcl
"Diphenhydramine HCl, Guafenesin, Pholcodine","diphenhydramine hcl, guafenesin, pholcodine"
Diphenhydramine hydrochloride,diphenhydramine hydrochloride
Diphenhydramine Hydrocloride,diphenhydramine hydrochloride
Diphenoxylate,diphenoxylate
Diphenoxylate Hydrochloride,diphenoxylate hydrochloride
diphenpyraline HCl,diphenpyraline hcl
Diphenylpyraline,diphenylpyraline
Diphenylpyraline HCL,diphenylpyraline hcl
Diphtheria              ,diphtheria
Diphtheria toxoid,diphtheria toxoid
Diphtheria toxoid ,diphtheria toxoid
Diphtheria-poliomyelitis-tetanus,diphtheria-poliomyelitis-tetanus
Dipipanone,dipipanone
Dipyridamole,dipyridamole
Dipyrone,dipyrone
Disodium clodronate,disodium clodronate
Disopyramide,disopyramide
Disulfiram,disulfiram
DL-Threonine,dl-threonine
d-Norpseudoephedrine Hydrochloride,d-norpseudoephedrine hydrochloride
Dobutamine,dobutamine
Dobutamine HCl,dobutamine hcl
Docetaxel,docetaxel
Docetaxel ,docetaxel
Docetaxel Trihydrate,docetaxel trihydrate
Docylamine Succinate,docylamine succinate
Dolasetron mesilate,dolasetron mesilate
Dolasetron Mesylate,dolasetron mesylate
Domperidone,domperidone
Donepezil,donepezil
Donepezil ,donepezil
Dopamine,dopamine
doripenem monohydrate,doripenem monohydrate
Dornase alfa (desoxyribonuclease),dornase alfa (desoxyribonuclease)
Dorzolamide,dorzolamide
Dosulepin,dosulepin
Dothiepin,dothiepin
Doxapram,doxapram
Doxazosin,doxazosin
Doxazosin mesylate,doxazosin mesylate
Doxorubicin,doxorubicin
Doxorubicin HCl,doxorubicin hcl
Doxorubicin hydrochloride,doxorubicin hydrochloride
Doxycycline,doxycycline
Doxylamine,doxylamine
doxylamine succinate,doxylamine succinate
D-panthenol,d-panthenol
Dried Aliminium Hydroxide,dried aliminium hydroxide
Droperidol,droperidol
Drospirenone,drospirenone
Drospirenone clathrate,drospirenone clathrate
Drospirenone/estradiol hemihydrate,drospirenone/estradiol hemihydrate
Drotrecogin alfa (activated),drotrecogin alfa (activated)
Duloxetine,duloxetine
Dutasteride,dutasteride
Dydrogesterone,dydrogesterone
Each 1000.0ml solution contains 50g Glucose,glucose
Each 1g contains 1mg Betamethasone as the valerate,betamethasone
Ebastine,ebastine
Econazole,econazole
Econazole nitrate,econazole nitrate
Econazole Nitrate ,econazole nitrate
Edetates,edetates
Efavirenz,efavirenz
Efavirenz ,efavirenz
Eletriptan,eletriptan
Emedastine,emedastine
Emtricitabine,emtricitabine
Enalapril,enalapril
Enalapril Maleate,enalapril maleate
Enflurane,enflurane
Enoxaparin,enoxaparin
Entacapone,entacapone
Entecavir,entecavir
Ephedrine,ephedrine
Ephedrine HCl ,ephedrine hcl
Epinastine,epinastine
Epinephrine,epinephrine
Epirubicin,epirubicin
Epirubicin Hydrochloride,epirubicin hydrochloride
Epirubicun Hydrochloride,epirubicun hydrochloride
Eplerenone,eplerenone
Eprosartan,eprosartan
Eptifibatide,eptifibatide
Ergocalciferol,ergocalciferol
Ergometrine,ergometrine
Ergotamine,ergotamine
Erlotinib HCl,erlotinib hcl
Ertapenem,ertapenem
Erythromycin,erythromycin
Erythromycin ,erythromycin
Erythropoietin,erythropoietin
Escitalopram,escitalopram
Escitalopram ,escitalopram
Escitalopram oxalate,escitalopram oxalate
Esomeprazole,esomeprazole
Estradiol,estradiol
Estradiol hemihydrate,estradiol hemihydrate
Estradiol valerate,estradiol valerate
Estradiol Valerate(Orange),estradiol valerate(orange)
Estramustine,estramustine
Estriol,estriol
Estropipate,estropipate
Etafedrine,etafedrine
Etanercept,etanercept
Ethambutol,ethambutol
Ethambutol HCl,ethambutol hcl
Ethambutol HCl ,ethambutol hcl
Ethambutol Hydrochloride,ethambutol hydrochloride
ethanol,ethanol
Ether,ether
Ether anaesthetic,ether anaesthetic
Ethinyl estradiol,ethinyl estradiol
ethinyl oestradiol,ethinyl oestradiol
ethinyl oestradiol(white),ethinyl oestradiol(white)
ethinyl oestradiol(yellow),ethinyl oestradiol(yellow)
Ethinylestradiol,ethinylestradiol
Ethinylestradiol/Gestodene,ethinylestradiol/gestodene
Ethinyloestradiol ,ethinyloestradiol
Ethionamide,ethionamide
Ethosuximide,ethosuximide
Ethyl chloride,ethyl chloride
Ethylesters of Iodized Acids of poppy seed,ethylesters of iodized acids of poppy seed
Etifoxine HCI,etifoxine hci
Etilefrine Hydrochloride,etilefrine hydrochloride
Etofylline,etofylline
Etofylline nicotinate,etofylline nicotinate
Etomidate,etomidate
Etonogestrel,etonogestrel
Etoposide,etoposide
Etoposide Solution,etoposide solution
Etoricoxib,etoricoxib
Etravarine,etravarine
Everolimus,everolimus
Exemestane,exemestane
Exenetide,exenetide
Extract squill liquid  ,extract squill liquid
Ezetimibe,ezetimibe
Famciclovir,famciclovir
Fat emulsions,fat emulsions
Felodipine,felodipine
Fenofibrate,fenofibrate
Fenoterol,fenoterol
Fenoterol Hydrobromide,fenoterol hydrobromide
Fentanyl,fentanyl
Fenticonazole,fenticonazole
Ferric oxide dextran complex,ferric oxide dextran complex
Ferrous fumarate,ferrous fumarate
Ferrous sulfate,ferrous sulfate
Fexofenadine,fexofenadine
Fexofenadine 120mg,fexofenadine 120mg
Fexofenadine 180mg,fexofenadine 180mg
Fexofenadine HCl,fexofenadine hcl
Fexofenadine hydrochloride,fexofenadine hydrochloride
Filamentous haemagglutinin,filamentous haemagglutinin
Filgrastim,filgrastim
Finasteride,finasteride
Finasteride ,finasteride
Flavoxate,flavoxate
Flecainide acetate,flecainide acetate
Flu vaccine - formulated yearly,flu vaccine - formulated yearly
Flucloxacillin,flucloxacillin
Fluconazole,fluconazole
Fluconazole ,fluconazole
Fludarabine Phosphate,fludarabine phosphate
Fludrocortisone,fludrocortisone
Flumazenil,flumazenil
Flumetasone,flumetasone
Flunarizine,flunarizine
Flunitrazepam,flunitrazepam
Fluocinolone acetonide,fluocinolone acetonide
Fluorescein,fluorescein
Fluorescein ,fluorescein
Fluoride,fluoride
Fluoromethalone,fluoromethalone
Fluorometholone,fluorometholone
fluorouracil,fluorouracil
Fluoxetine,fluoxetine
Fluoxetine hydrochloride equivalent to Fluoxetine,fluoxetine hydrochloride equivalent to fluoxetine
Flupentixol,flupentixol
Fluphenazine,fluphenazine
Flurazepam,flurazepam
Flurbiprofen,flurbiprofen
Flutamide,flutamide
Fluticasone,fluticasone
Fluticasone Furoate,fluticasone furoate
Fluticasone propionate ,fluticasone proprionate
Fluticasone Proprionate,fluticasone proprionate
Fluvastatin,fluvastatin
Fluvoxamine,fluvoxamine
Folic Acid,folic acid
Follitropin Alfa,follitropin alfa
Fondaparinix ,fondaparinix
Formoterol,formoterol
Formoterol Fumarate ,formoterol fumarate
Fosamprenavir,fosamprenavir
Fosfomycin,fosfomycin
Fosinopril,fosinopril
Fosinopril sodium,fosinopril sodium
Framycetin,framycetin
Fulvestrant,fulvestrant
Furosemide,furosemide
Furosemide ,furosemide
Fusafungine,fusafungine
Fusidic acid,fusidic acid
G1,g1
Ga-67 Citrate,ga-67 citrate
Gabapentin,gabapentin
Gadobenic acid,gadobenic acid
Gadobutrol,gadobutrol
GADODIAMIDE,gadodiamide
Gadopentate dimeglumine,gadopentate dimeglumine
GADOTERIC ACID,gadoteric acid
Gadoxetic acid disodium,gadoxetic acid disodium
Galantamine,galantamine
Ganciclovir,ganciclovir
Gatifloxacin ,gatifloxacin
Gelatin agents,gelatin agents
Gemcitabine,gemcitabine
Gemcitabine hydrochloride,gemcitabine hydrochloride
Gemcitabine hydrochloride ,gemcitabine hydrochloride
Gemfibrozil,gemfibrozil
Gemifloxacin,gemifloxacin
Gemtuzumab ozogamicin,gemtuzumab ozogamicin
Gentamicin,gentamicin
Gentamicin Sulphate,gentamicin sulphate
Gentamycin,gentamycin
Gestodene,gestodene
Gestodene and estrogen,gestodene and estrogen
Gestodene/Ethinylestradiol,gestodene/ethinylestradiol
Ginseng,ginseng
Glibenclamide,glibenclamide
Gliclazide,gliclazide
Gliclazide ,gliclazide
Glimepiride,glimepiride
Glimiperide ,glimiperide
Glipizide,glipizide
Glucagon,glucagon
Glucose,glucose
Glucose ,glucose
Glucose 50% solution,glucose
Glucose monohydrate,glucose monohydrate
Glutamic acid hydrochloride,glutamic acid hydrochloride
Glutamine,glutamine
Glycerin,glycerin
Glycerine,glycerine
Glyceryl trinitrate,glyceryl trinitrate
Glycine,glycine
Glycopyrrolate,glycopyrrolate
Goserelin,goserelin
Gramicidin,gramicidin
Granisetron,granisetron
Granisetron ,granisetron
Granisetron Hydrochloride,granisetron hydrochloride
Griseofulvin,griseofulvin
Guafenesin,guafenesin
Guaifenesin,guaifenesin
Guaifenesine,guaifenesine
Guaiphenesin,guaiphenesin
"Haemagglutinin strain: 
  - A/California/7/2009 (H1N1)-like strain; 
  - Variant A/California/7/2009 (NYMC X-181); 
  - A/Perth/16/2009 (H3N2)-like strain; 
  - Variant A/Victoria/210/2009 (NYMC X-187); 
  - B/Brisbane/60/2008)","haemagglutinin strain: 
 - a/california/7/2009 (h1n1)-like strain; 
 - variant a/california/7/2009 (nymc x-181); 
 - a/perth/16/2009 (h3n2)-like strain; 
 - variant a/victoria/210/2009 (nymc x-187); 
 - b/brisbane/60/2008)"
Halofantrine,halofantrine
Haloperidol,haloperidol
Haloperidol ,haloperidol
Halothane,halothane
Hemin,hemin
"Hemophilus influenzae B, combinations with pertussis and toxoids","hemophilus influenzae b, combinations with pertussis and toxoids"
"Hemophilus influenzae B, combinations with toxoids","hemophilus influenzae b, combinations with toxoids"
"Hemophilus influenzae B, purified antigen conjugated","hemophilus influenzae b, purified antigen conjugated"
Heparin,heparin
Heparin Sodium,heparin sodium
Heparin Sodium ,heparin sodium
Hepatitis A ,hepatitis a
"Hepatitis A, inactivated, whole virus","hepatitis a, inactivated, whole virus"
Hepatitis B immunoglobulin,hepatitis b immunoglobulin
"Hepatitis B, purified antigen","hepatitis b, purified antigen"
Hetastarch,hetastarch
Hetastarch ,hetastarch
Histamine,histamine
Histidine,histidine
Homatropine,homatropine
HPV Vaccine 16 & 18,hpv vaccine 16 & 18
Human Albumin,albumin (human)
Human Coagulation Factor IX,coagulation factor ix (human)
Human Coagulation Factor VIII,coagulation factor viii (human)
Human fibrinogen,fibrinogen (human)
Human immunoglobulin,immunoglobulin (human)
Human Insulin,insulin (human)
Human Normal Immunoglobulin G,immunoglobulin g (human normal)
Human Normal Immunoglobulin G ,immunoglobulin g (human normal)
Human Serum Albumin ,serum albumin (human)
Human varicella-zoster immunoglobulin,immunoglobulin (human varicella-zoster)
Hyacamtin ,hyacamtin
Hyaluronic acid,hyaluronic acid
Hyaluronidase,hyaluronidase
Hydralazine,hydralazine
Hydrochlorothiazide,hydrochlorothiazide
Hydrochlorothiazide ,hydrochlorothiazide
Hydrocortisone,hydrocortisone
Hydrocortisone Acetate,hydrocortisone acetate
Hydrocortisone Sodium Succinate USP equivalent to Hydrocortisone,hydrocortisone sodium succinate usp equivalent to hydrocortisone
Hydrocortistone,hydrocortisone
Hydrocotisone,hydrocortisone
hydromorphone HCI,hydromorphone hci
Hydroxycarbamide,hydroxycarbamide
Hydroxyethyl Starch 130/0.42,hydroxyethyl starch 130/0.42
Hydroxyethyl theophylline ,hydroxyethyl theophylline
Hydroxyzine,hydroxyzine
Hydroxyzine hydrochloride,hydroxyzine hydrochloride
Hyoscine Butylbromide,hyoscine butylbromide
hyoscine HBr,hyoscine hbr
Hyoscine methylnitrate,hyoscine methylnitrate
hyoscine sulphate,hyoscine sulphate
hyoscine-N-butylbromide,hyoscine-n-butylbromide
Hyoscyamine,hyoscyamine
I-123 MIBG,i-123 mibg
I-123 Sodium Iodide,i-123 sodium iodide
Ibandronic acid,ibandronic acid
Ibritumomab tiuxetan,ibritumomab tiuxetan
Ibuprofen,ibuprofen
Ibuprofen ,ibuprofen
Ibuprofen 200mg,ibuprofen
Icodextrin,icodextrin
Idarubicin,idarubicin
Ifosfamide,ifosfamide
Imatinib,imatinib
Imiglucerase,imiglucerase
Imipenem,imipenem
Imipramine,imipramine
Imipramine HCI ,imipramine hci
Imiquimod,imiquimod
"Immunoglobulins, normal human, for extravascular adm.","immunoglobulins, normal human, for extravascular adm."
"Immunoglobulins, normal human, for intravascular adm.","immunoglobulins, normal human, for intravascular adm."
Inactivated Influenza Vaccine,inactivated influenza vaccine
Inactivated polio virus type 1,inactivated polio virus type 1
Inactivated polio virus type 2,inactivated polio virus type 2
Inactivated polio virus type 3,inactivated polio virus type 3
Inactivated poliomyelitis,inactivated poliomyelitis
Indapamide,indapamide
Indapamide ,indapamide
Indinavir,indinavir
Indium (III) Cloride;Pentetreotide,indium (iii) cloride;pentetreotide
Indometacin,indometacin
Indomethacin,indomethacin
Indomethacin ,indomethacin
Infliximab,infliximab
"Influenza, inactivated, whole virus","influenza, inactivated, whole virus"
Insulin (human),insulin (human)
Insulin Aspart,insulin aspart
Insulin detemir,insulin detemir
Insulin glargine,insulin glargine
Insulin glulisine,insulin glulisine
Insulin lispro,insulin lispro
Interferon alfa-2a,interferon alfa-2a
Interferon Alfa-2b,interferon alfa-2b
Interferon beta 1a,interferon beta 1a
Interferon beta-1a,interferon beta-1a
Interferon beta-1b,interferon beta-1b
"Interferon Gamma Recombinant Human 0,1mg","interferon gamma recombinant human 0,1mg"
Iobitridol,iobitridol
Iodine,iodine
IODIXANOL,iodixanol
IOHEXOL,iohexol
Iomeprol,iomeprol
Iopamidol,iopamidol
Iopromide,iopromide
Ioversol,ioversol
Ioxaglic acid,ioxaglic acid
Ipecacuanha,ipecacuanha
Ipratropium Bromide,ipratropium bromide
Ipratropium bromide anhydrous,ipratropium bromide anhydrous
Irbesartan,irbesartan
Irinotecan,irinotecan
Irinotecan Hydrochloride,irinotecan hydrochloride
Irinotecan hydrochloride trihydrate,irinotecan hydrochloride trihydrate
Iron,iron
Iron (111)- Hydroxide Dextran Complex,iron (111)- hydroxide dextran complex
"Iron Polymaltose, equivalent to elemental iron","iron polymaltose, equivalent to elemental iron"
Isoconazole nitrate ,isoconazole nitrate
Isoconazole nitrate/Diflucortolone valerate,isoconazole nitrate/diflucortolone valerate
Isoflurane,isoflurane
Isoflurane ,isoflurane
Isoleucine,isoleucine
Isoniazid,isoniazid
Isoniazid ,isoniazid
Isophane Human Insulin (rDNA),isophane human insulin (rdna)
isophane insulin,isophane insulin
Isosorbide dinitrate,isosorbide dinitrate
Isosorbide Dinitrate ,isosorbide dinitrate
Isosorbide mononitrate,isosorbide mononitrate
Isosorbide-5-Mononitrate,isosorbide-5-mononitrate
Isotretinoin,isotretinoin
Isradipine,isradipine
Itraconazole,itraconazole
Ivabradine,ivabradine
Kanamycin,kanamycin
Kanamycin Sulphate,kanamycin sulphate
Kaolin,kaolin
Ketamine,ketamine
Ketazolam,ketazolam
Ketoconazole,ketoconazole
Ketoprofen,ketoprofen
Ketorolac,ketorolac
Ketorolac Trimethamine 30mg/1ml,ketorolac trimethamine 30mg/1ml
Ketorolac tromethamine,ketorolac tromethamine
Ketotifen,ketotifen
Labetalol,labetalol
L-alanine,l-alanine
Lamivudine,lamivudine
Lamivudine ,lamivudine
Lamivudine  ,lamivudine
Lamotrigine,lamotrigine
Lansoprazole,lansoprazole
Lanthanum Carbonate Hydrate,lanthanum carbonate hydrate
Lapatinib,lapatinib
L-arginine,l-arginine
Latanoprost,latanoprost
L-Cysteine,l-cysteine
Lecithin,lecithin
Leflunomide,leflunomide
Lenograstim,lenograstim
Lepirudin,lepirudin
Lercanidipine,lercanidipine
Lercanidipine hydrochloride,lercanidipine hydrochloride
Letrozole,letrozole
Leucine,leucine
Leucovorin,leucovorin
Leuprorelin,leuprorelin
Levetiracetam,levetiracetam
Levobunolol,levobunolol
Levobupivacaine,levobupivacaine
Levocabastine,levocabastine
Levocetirizine,levocetirizine
Levodopa,levodopa
Levofloxacin,levofloxacin
Levofloxacin ,levofloxacin
Levofloxacin Hemihydrate,levofloxacin hemihydrate
Levonordefrin,levonordefrin
Levonorgestrel,levonorgestrel
levonorgestrel(brown),levonorgestrel(brown)
Levothyroxine sodium,levothyroxine sodium
L-histidine,l-histidine
Lidocaine,lidocaine
"Lidocaine Hydrochloride, anhydrous","lidocaine hydrochloride, anhydrous"
Light Magnesium oxide,light magnesium oxide
Light Magnesium Oxide  ,light magnesium oxide
Lignocaine Hydrochloride,lignocaine hydrochloride
Lincomycin,lincomycin
Lindane,lindane
Linezolid,linezolid
Liothyronine sodium,liothyronine sodium
Lipid,lipid
Liposomal amphotericin B,liposomal amphotericin b
Liquid extract of squill,liquid extract of squill
Liquid glucose,glucose (liquid form)
Liraglutide,liraglutide
Lisiniprol,lisiniprol
Lisinopril,lisinopril
Lisinopril ,lisinopril
Lisinopril Dihydrate,lisinopril dihydrate
L-isoleucine,l-isoleucine
Lithium,lithium
Live attenuated human rotavirus RIX4414,live attenuated human rotavirus rix4414
L-leucine,l-leucine
L-lysine,l-lysine
L-methionine,l-methionine
Lodoxamide tromethamine,lodoxamide tromethamine
Lofepramine,lofepramine
Lomefloxacin,lomefloxacin
Lomefloxacin HCI,lomefloxacin hci
Lomefloxacin HCI ,lomefloxacin hci
Loperamide,loperamide
Loperamide HCI,loperamide hci
Loperamide HCI ,loperamide hci
Loperamide hydrochloride,loperamide hydrochloride
Lopinavir,lopinavir
Loprazolam,loprazolam
Loracarbef anhydrous,loracarbef anhydrous
Loratadine,loratadine
Loratadine ,loratadine
loratadine (micronized).,loratadine (micronized).
Lorazepam,lorazepam
Lorazepam ,lorazepam
Lormetazepam,lormetazepam
Lornoxicam,lornoxicam
Losartan,losartan
Losartan ,losartan
Losartan potassium,losartan potassium
Losartan Potassium ,losartan potassium
Losartan Potassium  ,losartan potassium
Lovastatin,lovastatin
Loxaglic Acid,loxaglic acid
L-phenylalanine,l-phenylalanine
L-proline,l-proline
L-serine,l-serine
L-threonine,l-threonine
L-tryptophan,l-tryptophan
L-tyrosine,l-tyrosine
Lumefantrine,lumefantrine
Lutropin Alfa,lutropin alfa
L-valine,l-valine
Lymecycline,lymecycline
Lysine,lysine
Macrogol 3350,macrogol 3350
Magnesium,magnesium
Magnesium (different salts in combination),magnesium (different salts in combination)
Magnesium carbonate,magnesium carbonate
Magnesium Carbonate Heavy,magnesium carbonate heavy
Magnesium Carbonate Light,magnesium carbonate light
Magnesium chloride,magnesium chloride
Magnesium Chloride Hexahydate,magnesium chloride hexahydate
Magnesium Chloride Hexahydrate,magnesium chloride hexahydrate
Magnesium hydroxide,magnesium hydroxide
Magnesium oxide,magnesium oxide
Magnesium silicate,magnesium silicate
Magnesium sulfate,magnesium sulfate
Malathion,malathion
Manganese,manganese
Mannitol,mannitol
Maprotiline,maprotiline
"Measles, combinations with mumps and rubella, live attenuated","measles, combinations with mumps and rubella, live attenuated"
"Measles, combinations with mumps, rubella and varicella, live attenuated","measles, combinations with mumps, rubella and varicella, live attenuated"
"Measles, live attenuated ","measles, live attenuated"
Mebendazole,mebendazole
Mebendazole ,mebendazole
Mebendazole polymorph C,mebendazole polymorph c
Mebeverine,mebeverine
Mebeverine Hydrochloride,mebeverine hydrochloride
Medrogestone,medrogestone
Medroxyprogesterone,medroxyprogesterone
Mefenamic acid,mefenamic acid
Mefloquine,mefloquine
Meglumine amidotrizoate,meglumine amidotrizoate
Meglumine amidotrizoate/Sodium amidotrizoate,meglumine amidotrizoate/sodium amidotrizoate
MELOXICAM,meloxicam
Melphalan,melphalan
Memantine,memantine
"Meningococcus, bivalent purified polysaccharides antigen","meningococcus, bivalent purified polysaccharides antigen"
"Meningococcus, tetravalent purified polysaccharides antigen","meningococcus, tetravalent purified polysaccharides antigen"
MENOTROPHIN,menotrophin
Menthol,menthol
Menthol ,menthol
Mephenesin,mephenesin
Mepivacaine,mepivacaine
Meprobamate,meprobamate
Mepyramine,mepyramine
Mepyramine Maleate,mepyramine maleate
Mepyramine Maleate 0.2g,mepyramine maleate
Mercaptopurine,mercaptopurine
Mercurochrome,mercurochrome
Meropenem,meropenem
Meropenem trihydrate eqv. to  meropenem,meropenem trihydrate eqv. to meropenem
mesalazine,mesalazine
Mesna,mesna
Mesterolone,mesterolone
Metaclopramide ,metaclopramide
Metamizole sodium,metamizole sodium
Metazapine,metazapine
Metenolone acetate,metenolone acetate
METFORMIN,metformin
Metformin ,metformin
Metformin HCI 500 mg,metformin hci 500 mg
Metformin HCL,metformin hcl
Metformin hcl ,metformin hcl
Metformin Hydrochloride,metformin hcl
Methadone,methadone
Methionine,methionine
Methixene HCl ,methixene hcl
methocarbamol,methocarbamol
Methocarbamol ,methocarbamol
methotrexate,methotrexate
Methotrexate Solution,methotrexate solution
Methoxsalen,methoxsalen
methoxy polyethylene glycol-epoetin beta,methoxy polyethylene glycol-epoetin beta
methoxyprogesterone acetate(blue),methoxyprogesterone acetate(blue)
Methyl Aminolevulinate,methyl aminolevulinate
Methylcellulose,methylcellulose
Methyldopa,methyldopa
Methyldopa (racemic),methyldopa (racemic)
Methylene Diphosphonic Acid ,methylene diphosphonic acid
Methylephedrine,methylephedrine
Methylphenidate,methylphenidate
Methylprednisolone,methylprednisolone
Methylprednisolone aceponate,methylprednisolone aceponate
Methyltestosterone,methyltestosterone
Metipranolol,metipranolol
Metoclopramide,metoclopramide
Metoclopramide hydrochloride,metoclopramide hydrochloride
Metoclopramide monohydrohloride,metoclopramide monohydrohloride
Metoprolol,metoprolol
Metronidazole,metronidazole
Metronidazole ,metronidazole
Mianserin,mianserin
Miconazole,miconazole
Miconazole Nitrate,miconazole nitrate
Miconazole Nitrate ,miconazole nitrate
miconazole nitrate in VCR,miconazole nitrate in vcr
Midazolam,midazolam
Midazolam ,midazolam
Mifepristone,mifepristone
Minocycline,minocycline
Minoxidil,minoxidil
Mirtazapine,mirtazapine
Mirtazapine ,mirtazapine
Misoprostol,misoprostol
Mitomycin,mitomycin
Mitoxantrone hcl,mitoxantrone hcl
Mivacurium chloride,mivacurium chloride
Mizolastine,mizolastine
Moclobemide,moclobemide
Modafinil,modafinil
Molybdenum,molybdenum
Mometasone,mometasone
Mometasone Furoate,mometasone furoate
Mometasone furoate  ,mometasone furoate
Mometazone furoate ,mometasone furoate
Monoethanolamine oleate,monoethanolamine oleate
Montelukast,montelukast
Morphine,morphine
Morphine Sulphate,morphine sulphate
Moxifloxacin,moxifloxacin
Moxifloxacin Hydrochloride,moxifloxacin hydrochloride
Moxonidine,moxonidine
"Multienzymes (lipase, protease etc.)","multienzymes (lipase, protease etc.)"
Mupirocin,mupirocin
Mycophenolate mofetil,mycophenolate mofetil
Mycophenolic acid,mycophenolic acid
Nabumetone,nabumetone
N-acetylcysteine,n-acetylcysteine
Nadolol,nadolol
Nadroparin,nadroparin
Nalidixic acid,nalidixic acid
Naloxone,naloxone
N-amidino-4-morpholincarboxamidine(ABOB),n-amidino-4-morpholincarboxamidine(abob)
Nandrolone,nandrolone
Naphazoline,naphazoline
Naphazoline nitrate,naphazoline nitrate
Naproxen,naproxen
Naproxen Sodium,naproxen sodium
Naratriptan,naratriptan
Natamycin,natamycin
Nateglinide,nateglinide
Nebivolol,nebivolol
Nelfinavir,nelfinavir
Neomycin,neomycin
Neostigmine,neostigmine
neostigmine methylsulphate,neostigmine methylsulphate
Nepafenac,nepafenac
Netilmicin,netilmicin
Nevirapine,nevirapine
Nicotinamide,nicotinamide
Nicotine,nicotine
Nicotinic acid,nicotinic acid
Nifedipine,nifedipine
nilotinib hydrochloride monohydrate ,nilotinib hydrochloride monohydrate
Nimodipine,nimodipine
Nitrazepam,nitrazepam
Nitrofural,nitrofural
Nitrofurantoin,nitrofurantoin
Nitrofurazone,nitrofurazone
Nitrogen,nitrogen
Nitroprusside,nitroprusside
Norelgestromin and estrogen,norelgestromin and estrogen
Norepinephrine,norepinephrine
Noresthisterone,noresthisterone
Norethisterone,norethisterone
Norethisterone enantate,norethisterone enantate
Norfloxacin,norfloxacin
Norgestimate and estrogen,norgestimate and estrogen
Norgestrel and estrogen,norgestrel and estrogen
Norgestrel(White),norgestrel(white)
Noscapine,noscapine
Nystatin,nystatin
Obidoxime,obidoxime
Octreotide,octreotide
oestradiol hemihydrate,oestradiol hemihydrate
oestradiol valerate(white),oestradiol valerate(white)
Ofloxacin,ofloxacin
Ofloxacine,ofloxacine
Olanzapine,olanzapine
Olanzepine,olanzapine
Olopatadine,olopatadine
Olsalazine,olsalazine
Omeprazole,omeprazole
Omeprazole ,omeprazole
Onansetron ,onansetron
Ondansetron,ondansetron
Ondansetron ,ondansetron
Ondansetron (as hydrochloride),ondansetron (as hydrochloride)
Ondansetron Hydrochloride,ondansetron hydrochloride
Ondasetron,ondasetron
Opium,opium
opium tincture,opium tincture
Orciprenaline,orciprenaline
Orciprenaline Sulphate,orciprenaline sulphate
Orlistat,orlistat
Ornipressin,ornipressin
Orphenadrine,orphenadrine
Orphenadrine ,orphenadrine
Orphenadrine (chloride),orphenadrine (chloride)
Orphenadrine citrate,orphenadrine citrate
Orphenadrine hydrochloride,orphenadrine hydrochloride
Oseltamivir,oseltamivir
Other meningococcal polyvalent purified polysaccharides antigen,meningococcal polyvalent purified polysaccharides antigen (other)
Other plasma protein fractions,plasma protein fractions (other)
OXALIPLATIN,oxaliplatin
Oxatomide,oxatomide
Oxazepam,oxazepam
Oxcarbazepine,oxcarbazepine
Oxetacaine,oxetacaine
Oxybuprocaine,oxybuprocaine
Oxybutynin,oxybutynin
Oxybutynin Chloride,oxybutynin chloride
Oxybutynin hydrocholride,oxybutynin hydrocholride
Oxymel Squill Tinc                                                ,oxymel squill tinc
Oxymetazoline,oxymetazoline
Oxymetazoline ,oxymetazoline
Oxymetazoline HCl,oxymetazoline hcl
Oxymetazoline Hydrochloride,oxymetazoline hydrochloride
Oxymetazoline hydrochloride ,oxymetazoline hydrochloride
Oxytetracycline,oxytetracycline
Oxytocin,oxytocin
Paclitaxel,paclitaxel
Paliperidone,paliperidone
Palivizumab,palivizumab
Palonosetron ,palonosetron
Pamidronic acid,pamidronic acid
Pancuronium,pancuronium
Pancuronium Bromide,pancuronium bromide
Pantoprazole,pantoprazole
Pantoprazole Sodium Sesquihydrate,pantoprazole sodium sesquihydrate
Pantothenic Acid,pantothenic acid
Papaverine,papaverine
Paracetamol,paracetamol
Paracetamol ,paracetamol
Paracetamol 500mg,paracetamol
Paracetemol,paracetamol
Parecoxib,parecoxib
Paroxetine,paroxetine
Paroxetine HCI,paroxetine hci
Pectin,pectin
Pegfilgrastim,pegfilgrastim
Peginterferon alfa-2b,peginterferon alfa-2b
Pemetrexed,pemetrexed
Penicillamine,penicillamine
Pentazocine,pentazocine
Pentosan polysulfate sodium,pentosan polysulfate sodium
Pentoxifylline,pentoxifylline
Pentoxifylline ,pentoxifylline
Pepsin,pepsin
Perindopril,perindopril
Perindopril  Erbumine,perindopril erbumine
Perindopril Erbumine,perindopril erbumine
Perindopril tertbutylamine,perindopril tertbutylamine
Perindopril tert-butylamine,perindopril tertbutylamine
Perindopril Tert-Butylamine 4mg ,perindopril tertbutylamine
"Perindopril, Tert-Butylamine",perindopril tertbutylamine
Permethrin,permethrin
Pertactin,pertactin
Pertussis,pertussis
Pertussis toxoid,pertussis toxoid
"Pertussis, inactivated, whole cell","pertussis, inactivated, whole cell"
Pethidine,pethidine
Pethidine hydrochloride,pethidine hydrochloride
Phelol Liquified                                        ,phelol liquified
Phenazone,phenazone
Phenazone ,phenazone
Phenazopyridine,phenazopyridine
Phendimetrazine,phendimetrazine
Phendimetrazine tartrate,phendimetrazine tartrate
Pheniramine,pheniramine
Phenobarbital,phenobarbital
phenobarbitone,phenobarbitone
Phenol,phenol
Phenoxymethyl penicillin potassium ,phenoxymethyl penicillin potassium
Phenoxymethylpenicillin,phenoxymethylpenicillin
Phentermine,phentermine
Phenylalanine,phenylalanine
Phenylbutazone,phenylbutazone
phenylepherine ,phenylepherine
Phenylephrine,phenylephrine
Phenylephrine ,phenylephrine
Phenylephrine HCI,phenylephrine hydrochloric
Phenylephrine HCL,phenylephrine hydrochloride
Phenylephrine Hydrochloric,phenylephrine hydrochloric
Phenylephrine Hydrochloride,phenylephrine hydrochloride
Phenylpropanlamine hydrochloride,phenylpropanlamine hydrochloride
Phenylpropanolamine,phenylpropanolamine
Phenylpropanolamine hydrochloride,phenylpropanolamine hydrochloride
Phenyltoloxamine,phenyltoloxamine
Phenyltoloxamine citrate,phenyltoloxamine citrate
Phenytoin,phenytoin
Phenytoin sodium,phenytoin sodium
Pholcodine,pholcodine
Phosphate,phosphate
Phosphor,phosphor
Phosphoric Acid,phosphoric acid
Phytomenadione,phytomenadione
Pilocarpine,pilocarpine
Pilocarpine Nitrate,pilocarpine nitrate
Pimecrolimus,pimecrolimus
Pimethixene,pimethixene
Pimozide,pimozide
Pioglitazone,pioglitazone
Pipemidic acid,pipemidic acid
Piperacillin,piperacillin
Piperacillin sodium,piperacillin sodium
Piperonyl Butoxide ,piperonyl butoxide
Piracetam,piracetam
Piretanide,piretanide
Piroxicam,piroxicam
Pizotifen,pizotifen
placebo(red),placebo(red)
placebo(yellow),placebo(yellow)
"Pneumococcus, purified polysaccharides antigen","pneumococcus, purified polysaccharides antigen"
Podophyllotoxin,podophyllotoxin
"Poliomyelitis oral, trivalent, live attenuated","poliomyelitis oral, trivalent, live attenuated"
"Polioviruses Type 1, 2, 3","polioviruses type 1, 2, 3"
Polymyxin B,polymyxin b
Polymyxin B Sulphate,polymyxin b sulphate
Poractant alfa,poractant alfa
Posaconazole,posaconazole
Potassium,potassium
Potassium chloride,potassium chloride
Potassium Chloride ,potassium chloride
Potassium citrate,potassium citrate
Potassium Clavulanate,potassium clavulanate
Potassium clorazepate,potassium clorazepate
"Potassium phosphate, incl. comb. with other potassium salts","potassium phosphate, incl. comb. with other potassium salts"
Pour Water,pour water
Povidone-iodine,povidone-iodine
Pramipexole,pramipexole
Pramocaine,pramocaine
PRAMOXINE HYDROCHLORIDE ,pramoxine hydrochloride
Prasugrel,prasugrel
Pravastatin,pravastatin
Pravastatin Sodium,pravastatin sodium
Pravastatin sodium ,pravastatin sodium
Prazepam,prazepam
Praziquantel,praziquantel
Prazosin,prazosin
Prednisilone,prednisilone
Prednisolone,prednisolone
Prednisolone caproate/cinchocaine hydrochloride,prednisolone caproate/cinchocaine hydrochloride
Prednisolone Sodium Phosphate,prednisolone sodium phosphate
prednisolone sodium phosphate which is equivalent to 15 mg prednisolone base,prednisolone sodium phosphate which is equivalent to 15 mg prednisolone base
Prednisone,prednisone
Pregabalin ,pregabalin
Prilocaine,prilocaine
Primidone,primidone
Probenecid,probenecid
Procaine penicillin,procaine penicillin
Prochlorperazine,prochlorperazine
Progesterone,progesterone
Progesterone Gel,progesterone gel
Proguanil,proguanil
Proline,proline
Promethazine,promethazine
Promethazine HCI,promethazine hci
Promethazine HCl,promethazine hydrochloride
Promethazine Hydrochloride,promethazine hydrochloride
Propafenone,propafenone
Propantheline,propantheline
Propiverine,propiverine
Propofol,propofol
Propofol ,propofol
Propranolol,propranolol
Protamine Sulphate,protamine sulphate
Protein hydrolysates,protein hydrolysates
Protein/Nitrogen,protein/nitrogen
Pseudoephedrine,pseudoephedrine
Pseudoephedrine ,pseudoephedrine
Pseudoephedrine HCI,pseudoephedrine hci
Pseudoephedrine HCI ,pseudoephedrine hci
Pseudoephedrine HCL,pseudoephedrine hydrochloride
Pseudoephedrine Hydrochloride,pseudoephedrine hydrochloride
Pseudoephedrine Sulphate,pseudoephedrine sulphate
Pseudoephidrine,pseudoephidrine
"Purified Diphtheria toxoid, tetanus toxoid, pertussis toxoid, filamentous haemagglutanin, inactivated polioviruses types 1,2,3, haemophilus influenzae type b","diphtheria toxoid (purified), tetanus toxoid, pertussis toxoid, filamentous haemagglutanin, inactivated polioviruses types 1,2,3, haemophilus influenzae type b"
Purified HBs Antigen ,purified hbs antigen
Pyrazinamide,pyrazinamide
Pyrazinamide ,pyrazinamide
Pyridostigmine,pyridostigmine
Pyridoxine,pyridoxine
Pyridoxine (vit B6),pyridoxine
Pyridoxine hydrochloride,pyridoxine hydrochloride
Pyrimethamine,pyrimethamine
Pyritinol,pyritinol
Quadrivalent Human Papilomavirus (Recominant vaccine): type 6,quadrivalent human papilomavirus (recominant vaccine): type 6
Quetiapine,quetiapine
Quinagolide,quinagolide
Quinapril,quinapril
Quinapril HCl   ,quinapril hcl
Quinine,quinine
Rabbit anti-human thymocyte immunoglobulin,immunoglobulin (rabbit anti-human thymocyte)
Rabeprazole,rabeprazole
Rabies immunoglobulin,rabies immunoglobulin
Rabies vaccine,rabies vaccine
"Rabies, inactivated, whole virus","rabies, inactivated, whole virus"
Raloxifene,raloxifene
Raltegravir,raltegravir
Ramipril,ramipril
Ramipril ,ramipril
Ranibizumab,ranibizumab
Ranitidine,ranitidine
Ranitidine ,ranitidine
Rasagiline mesylate,rasagiline mesylate
Reboxetine,reboxetine
Recombinant Factor VIII,recombinant factor viii
Refined equine immunoglobulin,immunoglobulin (refined equine)
Refined soya oil,soya oil (refined)
refined soya-bean oil + Refined olive oil,soya-bean oil (refined) + refined olive oil
Regular Human Insulin (rDNA),insulin - regular human (rdna)
Remifentanil,remifentanil
Repaglinide,repaglinide
Reserpine,reserpine
Resorcinol,resorcinol
Ribavirin,ribavirin
Riboflavin (vit B2),riboflavine
Riboflavine,riboflavine
Riboflavine ,riboflavine
Rifabutin,rifabutin
Rifampacin,rifampacin
Rifampicin,rifampicin
Riluzole,riluzole
risedronate sodium,risedronate sodium
Risedronic acid,risedronic acid
Risperdone,risperdone
Risperidone,risperidone
Risperidone ,risperidone
"Risperidone 0,5 mg",risperidone
Risperidone 1 mg,risperidone
Ritonavir,ritonavir
Rituximab,rituximab
rivaroxaban,rivaroxaban
Rivastigmine,rivastigmine
Rizatriptan,rizatriptan
Rocuronium bromide,rocuronium bromide
Ropinirole,ropinirole
Ropivacaine,ropivacaine
Rosiglitazone,rosiglitazone
Rosuvastatin,rosuvastatin
"Rota virus, live attenuated","rota virus, live attenuated"
Roxithromycin,roxithromycin
Rutoside,rutoside
Salbutamol,salbutamol
Salbutamol ,salbutamol
Salbutamol Sulphate,salbutamol sulphate
Salicylamide,salicylamide
Salicylic acid,salicylic acid
Salmeterol,salmeterol
Salmeterol ,salmeterol
Salmeterol Xinafoate,salmeterol xinafoate
Saquinavir,saquinavir
Saxagliptin,saxagliptin
Selegiline,selegiline
Selegiline Hydrochloride,selegiline hydrochloride
Selenium,selenium
Serine,serine
Sertraline,sertraline
Sertraline ,sertraline
Sertraline HCl ,sertraline hcl
Setraline Hydrochloride,setraline hydrochloride
Sevelamer hydrochloride,sevelamer hydrochloride
Sevoflurane,sevoflurane
Sibutramine,sibutramine
Sibutramine hydrochloride,sibutramine hydrochloride
SIBUTRAMINE HYDROCHLORIDE MONOHYDRATE 10.0 MG,sibutramine hydrochloride
SIBUTRAMINE HYDROCHLORIDE MONOHYDRATE 15.0 MG,sibutramine hydrochloride
Sildenafil,sildenafil
Silver sulfadiazine,silver sulphadiazine
Silver Sulphadiazine,silver sulphadiazine
Silymarin,silymarin
Simethicone,simethicone
Simvastatin,simvastatin
Simvastatin ,simvastatin
Sirolimus,sirolimus
Sodium,sodium
Sodium acetate,sodium acetate
Sodium Acetate Trihydrate,sodium acetate trihydrate
Sodium amidotrizoate,sodium amidotrizoate
Sodium amidotrizoate/Meglumine amidotrizoate,sodium amidotrizoate/meglumine amidotrizoate
Sodium bicarbonate,sodium bicarbonate
Sodium bicarbonate ,sodium bicarbonate
Sodium chloride,sodium chloride
Sodium Chloride ,sodium chloride
Sodium Chloride  ,sodium chloride
Sodium citrate,sodium citrate
Sodium citrate ,sodium citrate
"Sodium Citrate 56mg, Contains:  Menthol 1,2mg / 5ml","sodium citrate 56mg, contains: menthol 1,2mg / 5ml"
Sodium Citrate Dihydrate,sodium citrate dihydrate
Sodium Cromoglycate,sodium cromoglycate
Sodium edetate,sodium edetate
Sodium fluoride,sodium fluoride
Sodium folinate,sodium folinate
Sodium glycerophosphate,sodium glycerophosphate
Sodium Hyaluronate,sodium hyaluronate
Sodium Iodide 131I ,sodium iodide 131i
Sodium lactate,sodium lactate
Sodium Lactated Anhydrous,sodium lactated anhydrous
Sodium lauryl sulphate,sodium lauryl sulphate
Sodium nitrite,sodium nitrite
Sodium Pertechnetate Tc-99m,sodium pertechnetate tc-99m
Sodium phosphate,sodium phosphate
Sodium propionate,sodium propionate
Sodium Pyrophosphate,sodium pyrophosphate
Sodium salicylate,sodium salicylate
Sodium sulfate,sodium sulfate
Sodium tetradecyl sulfate,sodium tetradecyl sulfate
Sodium Valproate,sodium valproate
Solifenacin,solifenacin
Soluble Gastric Mucosa Extract,soluble gastric mucosa extract
Soluble Liver Extract,soluble liver extract
Soluble Spleen Extract,soluble spleen extract
Somatostatin,somatostatin
Somatropin,somatropin
Sorafenib,sorafenib
Sotalol,sotalol
Spectinomycin,spectinomycin
Spironolactone,spironolactone
Stavudine,stavudine
Sterculia,sterculia
Streptokinase,streptokinase
Streptomycin,streptomycin
Strontium Ranelate,strontium ranelate
Sucrose,sucrose
Sufentanil,sufentanil
Sulfacetamide,sulfacetamide
Sulfadoxine,sulfadoxine
Sulfamethoxazole,sulfamethoxazole
Sulfamethoxazole   ,sulfamethoxazole
Sulfanilamide,sulfanilamide
Sulfasalazine,sulfasalazine
Sulphamethoxazole,sulphamethoxazole
Sulphamethoxazole ,sulphamethoxazole
Sulpiride,sulpiride
Sumatriptan,sumatriptan
Sumatriptan ,sumatriptan
Sumatriptan Succinate eqv. to sumatriptan,sumatriptan succinate eqv. to sumatriptan
Sunitinib ,sunitinib
Suramin,suramin
Suxamethonium,suxamethonium
Tacrolimus,tacrolimus
Tadalafil,tadalafil
Tamoxifen,tamoxifen
Tamoxifen ,tamoxifen
Tamoxifen citrate ,tamoxifen citrate
Tamsulosin,tamsulosin
Tamsulosin Hydrochloride,tamsulosin hydrochloride
Tazarotene,tazarotene
Tazobactam,tazobactam
Tegafur,tegafur
Teicoplanin,teicoplanin
Telithromycin,telithromycin
Telmisartan,telmisartan
Telmisartan ,telmisartan
Temazepam,temazepam
Temozolomide,temozolomide
Temsirolimus,temsirolimus
Tenecteplase,tenecteplase
Teniposide,teniposide
Tenofovir,tenofovir
Tenofovir  disoproxil fumarate,tenofovir disoproxil fumarate
Tenofovir Disoproxil,tenofovir disoproxil
Tenofovir disoproxil fumarate,tenofovir disoproxil fumarate
Tenofovir Disoproxil Fumarate ,tenofovir disoproxil fumarate
Tenoxicam,tenoxicam
Terazosin,terazosin
Terbinafine,terbinafine
Terbinafine ,terbinafine
Terbinafine HCl,terbinafine hydrochloride
Terbinafine hydrochloride,terbinafine hydrochloride
Terbinafine Hydrochloride ,terbinafine hydrochloride
Terbutaline,terbutaline
Teriparatide,teriparatide
Terizidone,terizidone
Testosterone,testosterone
Testosterone undecanoate,testosterone undecanoate
Tetanus ,tetanus
Tetanus immunoglobulin,tetanus immunoglobulin
Tetanus toxoid,tetanus toxoid
Tetracaine,tetracaine
Tetracosactide,tetracosactide
Tetracycline,tetracycline
Tetryzoline,tetryzoline
Thalidomide,thalidomide
Theodrenaline,theodrenaline
Theophylline,theophylline
Theophylline ,theophylline
Theophylline anhydrous,theophylline anhydrous
Theophylline Anhydrous ,theophylline anhydrous
Theophylline Ethylenediamine,theophylline ethylenediamine
Thiamine (vit B1),thiamine (vit b1)
Thiamine HCI,thiamine hci
Thiamine hydrochloride,thiamine hydrochloride
Thiomersal,thiomersal
Thiopentone,thiopentone
Thiopentone Sodium,thiopentone sodium
Thiosulfate,thiosulfate
Threonine,threonine
Tibolone,tibolone
Tigecycline,tigecycline
Tilidate,tilidate
Tilidine,tilidine
Timolol,timolol
Timolol maleate,timolol maleate
Tin Fluoride,tin fluoride
Tincture of opium,tincture of opium
Tincture of tolu,tincture of tolu
Tinidazole,tinidazole
Tioconazole,tioconazole
Tioguanine,tioguanine
Tiotropium bromide,tiotropium bromide
Tirofiban,tirofiban
Tobramycin,tobramycin
Tocilizumab,tocilizumab
Tocopherol (vit E),tocopherol (vit e)
Tolcapone,tolcapone
Tolnaftate,tolnaftate
Tolterodine,tolterodine
Tolu solution ,tolu solution
Topiramate,topiramate
Torasemide,torasemide
Toremifene,toremifene
Tramadol,tramadol
Tramadol  Hydrochloride,tramadol hydrochloride
Tramadol Hydrochloride,tramadol hydrochloride
Trandolapril,trandolapril
Tranexamic Acid,tranexamic acid
Tranylcypromine,tranylcypromine
Trastuzumab,trastuzumab
Travoprost,travoprost
Travoprost                                      ,travoprost
Trazodone,trazodone
Trazodone Hydrochloride,trazodone hydrochloride
Tretinoin,tretinoin
Triamcinolone,triamcinolone
Triamterene,triamterene
Triazolam,triazolam
Tribromometacresol,tribromometacresol
Trifluoperazine,trifluoperazine
Trifluridine,trifluridine
Trimethoprim,trimethoprim
Trimipramine,trimipramine
Tripolidine,tripolidine
Tripolidine Hydrochloride,tripolidine hydrochloride
Triprodlidine HCL,tripolidine hydrochloride
Triprolidine,triprolidine
Triprolidine HCI,triprolidine hci
Triprolidine HCI ,triprolidine hci
Triprolidine HCL,triprolidine hydrochloride
triprolidine hydrochloride,triprolidine hydrochloride
TRIPTORELIN,triptorelin
Tromadol Hydrochloride,tromadol hydrochloride
Tropicamide,tropicamide
Tropisetron,tropisetron
Trospium,trospium
Tryptophan,tryptophan
Tuberculin,tuberculin
type 11,type 11
type 16,type 16
type 18,type 18
type 18 L1,type 18 l1
"Typhoid, purified polysaccharide antigen","typhoid, purified polysaccharide antigen"
Tyrosine,tyrosine
Urea,urea
Urofollitopin,urofollitopin
Urofollitopin ,urofollitopin
Ursodeoxycholic acid,ursodeoxycholic acid
Valaciclovir,valaciclovir
Valaciclovir ,valaciclovir
Valerian,valerian
Valerian tincture,valerian tincture
Valganciclovir,valganciclovir
Valine,valine
Valproic acid,valproic acid
Valsartan,valsartan
Vancomycin,vancomycin
VANCOMYCIN HCL,vancomycin hcl
Vancomycin Hydrochloride,vancomycin hydrochloride
Vardenafil,vardenafil
Vardenafil monohydrochloride trihydrate equivqlent to 10mg vardenafil,vardenafil monohydrochloride trihydrate equivqlent to 10mg vardenafil
Vardenafil monohydrochloride trihydrate equivqlent to 5mg vardenafil,vardenafil monohydrochloride trihydrate equivqlent to 5mg vardenafil
Varenicline ,varenicline
"Varicella, live attenuated","varicella, live attenuated"
Vecuronium,vecuronium
Venlafaxine,venlafaxine
Venlafaxine ,venlafaxine
Venlafaxine  ,venlafaxine
Venlafaxine Hydrochloride,venlafaxine hydrochloride
Venlafaxine IR,venlafaxine ir
Verapamil,verapamil
Verapamil HCL,verapamil hcl
Verapamil HCl/Trandolapril,verapamil hcl/trandolapril
Verteporfin,verteporfin
Vigabatrin,vigabatrin
Vildagliptin,vildagliptin
Vinblastine,vinblastine
Vincristine,vincristine
Vincristine Solution,vincristine solution
vincristine sulfate,vincristine sulfate
Vinorelbine,vinorelbine
Vinorelbine ,vinorelbine
Vinorelbine Tartrate,vinorelbine tartrate
Vit. C,ascorbic acid
Vitamin A,vitamin a
Vitamin D2,vitamin d2
Vitamin E,vitamin e
Vitamin K,vitamin k
Vitamin K1,vitamin k1
Voriconazole,voriconazole
Warfarin Sodium,warfarin sodium
Water,water
Water ,water
Water for injection,water for injection
Xylometazoline,xylometazoline
Xylometazoline Hydrochloride,xylometazoline hydrochloride
"Yellow fever, live attenuated","yellow fever, live attenuated"
Zafirlukast,zafirlukast
Zanamivir,zanamivir
Zidovudine,zidovudine
ZIDOVUDINE ,zidovudine
Zinc,zinc
Zinc ,zinc
Zinc Acetate,zinc acetate
Zinc chloride,zinc chloride
Zinc gluconate,zinc gluconate
Zinc oxide,zinc oxide
Zinc protein complex,zinc protein complex
Zinc sulfate,zinc sulfate
Zinc sulphate,zinc sulphate
Ziprasidone,ziprasidone
Zoledronic Acid,zoledronic acid
Zoledronic Acid ,zoledronic acid
Zolmitriptan,zolmitriptan
Zolpidem,zolpidem
Zolpidem tartrate,zolpidem tartrate
Zopiclone,zopiclone
Zuclopenthixol,zuclopenthixol
(Each Unit consists of :-SACHET A x 2)Macrogol (PEG 3350),macrogol
(Meta) Iodo Benzylguanidine I-131,iodo benzylguanidine
(Provisc)Sodium Hyaluronate,sodium hyaluronate
(SACHET B x 2)Ascorbic acid,vitamin c
(Viscoat)Sodium Chondroitin Sulphate,sodium chondroitin sulphate
(Viscoat)Sodium Hyaluronate,sodium hyaluronate
A/Moscow/10/99(H3N2)-like strain,a/moscow/10/99(H3N2)-like strain
Acetone,acetone
Activated attapulgite,attapulgite
Activated recombinant coagulation factor VIIa (rVIIa),recombinant coagulation factor VIIa (rVIIa)
Alpha-Glucosidase,alpha-glucosidase
"Alprazolam 0,25 mg",alprazolam
"Alprazolam 0,5 mg",alprazolam
"Alprazolam 1,0 mg",alprazolam
Amethocaine Hydrochloride,amethocaine hydrochloride
Amiloride Hydrochloride,amiloride hcl
Aminacrine Hydrochloride,amiloride hcl
Amino Acids Solution,amino acids
Aminophylline Dihydrate,aminophylline dihydrate
Aminosalicylic acid,aminosalicylic acid
Amiodarone Hydrochloride,amiodarone hci
Amlodipine Besylate equivalent to Amlodipine,amlodipine besilate
Amoxycillin 250 mg,amoxicillin
Amoxycillin 875 mg,amoxicillin
Amoxycillin Trihydrateequivalent To Amoxycillin,amoxicillin trihydrate equivalent to amoxicillin
Ampicillin trihydrate 125 mg,ampicillin trihydrate
Ampicillin trihydrate 250 mg,ampicillin trihydrate
Amylmetacresol,amylmetacresol
Anhydrous Fusidic Acid,anhydrous fusidic acid
Anhydrous Morphine,anhydrous morphine
Anhydroustheophylline,anhydrous theophylline
Anti-D (rho) immunoglobulin 100 µg,anti-d (rh) immunoglobulin
Antithymocyte Immunoglobulin (Equine),antilymphocyte immunoglobulin (equine)
Aspartate Sodium,aspartate sodium
Aspartic Acid,aspartic acid
Atorvastatin calcium equivalent to Atorvastatin,atorvastatin calcium
Atosiban 7.5mg,atosiban
Azithromycin 500 mg,azithromycin
Benzhexol Hydrochloride,benzhexol hcl
Benzy Penicillin,benzylpenicillin
Benzyl alcohol,benzyl alcohol
Benzyl Penicillin,benzylpenicillin
Betamethasone Dipropionate,betamethasone dipropionate
Betamethasone Dipropionate Equivalent To Betamethasone,betamethasone dipropionate equivalent to betamethasone
Betamethasone sodium phosphate,betamethasone dipropionate equivalent to betamethasone
Biosynthetic Human Insulin,biosynthetic human insulin
Biperiden Hydrochloride,biperiden hcl
Bisoprolol Hemifumarate,bisoprolol hemifumarate
Brimonidine Tartrate,brimonidine tartrate
Bromohexine Hydrochloride,bromohexine hydrochloride
Bupivacaine Hci,bupivacaine hci
Bupivacaine Hydrochloride,bupivacaine hci
Buprenorphine Hydrochloride,buprenorphine hydrochloride
Bupropion Hydrochloride,bupropion hydrochloride
Cabazitaxel,cabazitaxel
Calcipotriol Hydrate Equivalent To Calcipotriol,calcipotriol Hydrate Equivalent To Calcipotriol
Calcium Trisodium Pentetate,calcium trisodium pentetate
Captopril 50 mg,captopril
Ceftriaxone Sodium Equiv To Ceftriaxone 0.5G,ceftriaxone sodium equiv to ceftriaxone
Ceftriaxone Sodium Equiv To Ceftriaxone 1G,ceftriaxone sodium equiv to ceftriaxone
Ceftriaxone Sodium Equiv To Ceftriaxone 2G,ceftriaxone sodium equiv to ceftriaxone
Cefuroxime Axetil equivalent to Cefuroxime,cefuroxime axetil
Cetirizine dihydrochloride 10 mg,cetirizine dihydrochloride
Chlorhexidine gluconate solution 20%,chlorhexidine gluconate solution 20%
Chlorhexidine Hydrochloride,chlorhexidine hydrochloride
Chlorpromazine HCl,chlorpromazine hcl
Chromium Trichloride,chromium trichloride
Cimetidine 200 mg,cimetidine
Cimetidine 400 mg,cimetidine
Ciprofloxacin 250 mg,ciprofloxacin
Ciprofloxacin 500 mg,ciprofloxacin
cis (Z) Flupenthixol decanoate,flupenthixol decanoate
Citalopram 20mg,citalopram
Citric Acid (Anhydrous),citric acid (anhydrous)
Clarithromycin 500 mg,clarithromycin
Clomiphene Citrate,clomiphene citrate
Clonidine hydrochloride,clonidine hci
Clotrimazole Vaginal,clotrimazole vaginal
Codeine HCl,codeine hcl
Conjugated Oestrogen,conjugated oestrogen
Copper Chloride,copper chloride
Cyclizine Tartrate,cyclizine tartrate
Desmopressin Acetate,desmopressin acetate
Desmopressin Acetate Trihydrate,desmopressin acetate trihydrate
Dexamethasone Sodium Phosphate,dexamethasone sodium phosphate
Dextropropoxyphene napsylate,dextropropoxyphene napsylate
Dextrose Anhydrous,dextrose anhydrous
"Dextrose, anhydrous",dextrose anhydrous
Dibromopropamidine isethionate,dibromopropamidine isethionate
Dibucaine,dibucaine
Diclofenac Sodium 25 mg,diclofenac sodium
Diclofenac Sodium 50 mg,diclofenac sodium
Dicyclomine Hydrochloride,dicyclomine hydrochloride
DIENOGEST,dienogest
Dinoprostone 10mg,dinoprostone
Diphenhydramide Hydrochloride,diphenhydramine hcl
Dopamine HCl,dopamine hci
Doxapram HCl,doxapram hci
Doxazosin mesylate as 1 mg free base,doxazosin mesylate
Doxazosin mesylate as 4 mg free base,doxazosin mesylate
Doxycycline 100 mg,doxycycline
Doxycycline HCL,doxycycline hcl
Dried Aluminium Hydroxide Gel,dried aliminium hydroxide gel
Efavirenz 600.0mg,efavirenz
Emitricitabine,emitricitabine
Emtricitabine 200.0mg,emtricitabine
Ergometrine Maleate,ergometrine maleate
Escitalopram 10 mg,escitalopram
Escitalopram 20 mg,escitalopram
Esdepallethrine,esdepallethrine
Etifoxine Hydrochloride,etifoxine hci
Etravirine,etravirine
Felbamate,felbamate
Fentanyl base,fentanyl base
Ferric Chloride,ferric chloride
Filamentous haemagglutinin (FHA),filamentous haemagglutinin
Fimbriae types 2+3 (FIM),Fimbriae types 2+3 (FIM)
Flavoxate Hydrochloride,flavoxate hydrochloride
Fluconazole 150 mg,fluconazole
Fludeoxyglucose [18F],fludeoxyglucose [18F]
Flupenthixol dihydrochloride,flupenthixol dihydrochloride
Flupenthixol hydrochloride,flupenthixol hydrochloride
Follitropin Alfa (R-Hfsh),follitropin alfa (R-Hfsh)
Fondaparinux Sodium,fondaparinux sodium
Furosemide 40 mg,furosemide
Fusidic Acid (10Ml),fusidic acid
Fusidic Acid Hydrate,fusidic acid hydrate
Gammaglobulin,gammaglobulin
Gelatin (succinylated),gelatin (succinylated)
Gentamycin Sulphate,gentamycin sulphate
Glacial Acetic Acid,glacial acetic acid
Glicazide,glicazide
Gliclazide 80 mg,gliclazide
Glucose (Anhydrous),glucose (Anhydrous)
Glucose Anhydrous,glucose (Anhydrous)
Glucose Monohydrate Equivalent to anhydrous glucose,glucose monohydrate equivalent to anhydrous glucose
Glutamic Acid,glutamic acid
Glycerol,glycerol
Glyceryl Guaiacolate,glycerol
Glycopyrronium Bromide,glycopyrronium bromide
Haemophilus influenzae type b,haemophilus influenzae type b
Hemophilus influenzae b,haemophilus influenzae type b
Hepatitis A virus,hepatitis a virus
hepatitis B Antigen DNA Recombinant Vaccine,hepatitis B Antigen DNA Recombinant Vaccine
Hepatitis B immunoglobulin 200 iu,hepatitis b immunoglobulin
Human Gammaglobulin,gammaglobulin (human)
Human Papilomavirus     type 6 L1 Protein,papilomavirus     type 6 L1 Protein (human)
Human Rabies immunoglobulin 300 iu,rabies immunoglobulin 300 iu (human)
Hyaluronate acid,hyaluronate acid
"Hyaluronidase 1,500 i.u.",hyaluronidase
Hydochlorothiazide,hydochlorothiazide
Hydralazine Hydrochloride,hydralazine hydrochloride
Hyoscine-N-Butyl Bromide,hyoscine-n-butylbromide
Hyoscyamine Butylbromide,hyoscyamine butylbromide
Hypromellose,hypromellose
Imipramine hydrochloride,imipramine hci
Immunoglobulin antilymphocyte (rabbit),Immunoglobulin antilymphocyte (rabbit)
Immunoglobulin Human Normal,"immunoglobulins, normal human"
Inactivated Type 1 polio virus D-antigen,inactivated polio virus type 1
Inactivated type 1 poliovirus  D antigen,inactivated polio virus type 1
Inactivated Type 2 polio virus D-antigen,inactivated polio virus type 2
Inactivated type 2 poliovirus D antigen,inactivated polio virus type 2
Inactivated Type 3 polio virus D-antigen,inactivated polio virus type 3
Inactivated type 3 poliovirus  D antigen,inactivated polio virus type 3
"Indacaterol Maleate Equivalent To Indacaterol 150,0 Ug","indacaterol maleate equivalent to indacaterol 150,0 Ug"
"Indapamide 2,5 mg",indapamide
Indpamide,indpamide
Insulin,insulin
Iron Dextran,iron dextran
Itraconazole 100 mg,itraconazole
Ixabepilone,ixabepilone
Labetalol Hydrochloride,labetalol hci
Lactic Acid,lactic acid
Laropiprant,laropiprant
"Lecithin, fractionated",lecithin
Leuprolide,leuprolide
Levocetirizine Dihydrochloride,levocetirizine dihydrochloride
Levofloxacin 250mg,levofloxacin
Levofloxacin 500mg,levofloxacin
Levoglutamide,levoglutamide
L-glutamate,l-glutamate
Lidocaine HCl monohydrate,lidocaine HCl monohydrate
Lidocaine hydrochloride,lidocaine hydrochloride
Lignocaine HCl,lignocaine hci
Lignocaine HCl Monohydrate,lignocaine hci monohydrate
Lisinopril dihydrate 20 mg,lisinopril dihydrate
Lodoxamide,lodoxamide
Lomefloxacin hydrochloride,lomefloxacin hci
Loperamidehydrochloride,loperamide hydrochloride
Lopinavir/,lopinavir
Loratadine 10 mg,loratadine
Lutropin Alfa (r-hLH),lutropin alfa
Magnesium Acetate,magnesium acetate
Manganese Chloride,manganese chloride
Mebeverine HCl 135 mg,mebeverine hcl
Medium Chain Triglycerides,medium chain triglycerides
Medroxyprogesterone Acetate,medroxyprogesterone acetate
Melphalan Hydrochloride,melphalan hydrochloride
Memantine hydrochloride,memantine hydrochloride
Menotrophin (equivalent to: FSH 75 IU & LH 75 IU),menotrophin
Meropenem Anhydrous,meropenem anhydrous
Metformin HCI 850 mg,metformin hci
Methadone Hydrochloride,methadone hydrochloride
Methoxy Polythylene Glycol-Epoetin Beta,methoxy polyethylene glycol-epoetin beta
Metoclopramide Monohydrate,metoclopramide monohydrohloride
Mirtazapine 15 mg,mirtazapine
Mirtazapine 30 mg,mirtazapine
Mometasone furoate 1 mg,mometasone furoate
Montelukast sodium,montelukast sodium
Morphine HCl,morphine hci
Morphine tartrate,morphine tartrate
Mumps virus,mumps virus
Mycobacterium Bovis,mycobacterium bovis
Naloxone HCl,naloxone hci
Naloxone Hydrochloride Dihydrate,naloxone hydrochloride dihydrate
Naphazoline Hydrochloride,naphazoline hydrochloride
Naproxen 250 mg,naproxen
Natalizumab,natalizumab
Nebivolol Hydrochloride Equivalent To Nebivolol,nebivolol Hydrochloride Equivalent To Nebivolol
Neomycin sulphate,neomycin sulphate
Netilmicin Sulphate,netilmicin sulphate
Niacin,niacin
Nifedipine 30mg,nifedipine
Obidoxime Chloride,obidoxime chloride
Oestradiol,oestradiol
Oestradiol Valerate,oestradiol valerate
Ornipressin 5 IU,ornipressin
Ostradiol Valerate,oestradiol valerate
Oxethazaine,oxethazaine
Oxybutynin chloride 5 mg,oxybutynin chloride
Oxycodone Hydrochloride,oxycodone hydrochloride
Pantoprazole 20 mg,pantoprazole
Pantoprazole 40 mg,pantoprazole
Papaverine HCl,papaverine hci
Papaverine Hydrochloride,papaverine hci
Paroxetine hydrochloride,paroxetine hci
Perindopril Arginine,perindopril arginine
Pertactin (PRN),pertactin
pertussis filamentous haemagglutinin,pertussis filamentous haemagglutinin
Pertussis toxoid (PT),pertussis toxoid
Pethidine HCl,pethidine hydrochloride
Phosphoric acid 85%,phosphoric acid
Plasma protein,plasma protein
Plasma proteins,plasma protein
Plerixafor,plerixafor
Poliomyelitis virus type 1,poliomyelitis virus type 1
Poliomyelitis virus type 2,poliomyelitis virus type 2
Poliomyelitis virus type 3,poliomyelitis virus type 3
Polyvalent normal Immunoglobulin,polyvalent normal immunoglobulin
Potassium Acetate,potassium acetate
Potassium Chloride 15g,potassium chloride
Potassium Iodide,potassium Iodide
Pramipexole Dihydrochloride Monohydrate,pramipexole dihydrochloride monohydrate
Prednisolone acetate,prednisolone acetate
Prochlorperazine Maleate,prochlorperazine maleate
Purified Diptheria toxoid,diptheria toxoid (purified)
Purified Pertussis filamentous haemagglutinin,pertussis filamentous haemagglutinin (purified)
Purified Tetanus toxoid,tetanus toxoid (purified)
Purified Vi Capsular Polysaccharide Of Salmonella Typhi (Ty 2 Strain),vi Capsular Polysaccharide Of Salmonella Typhi (Ty 2 Strain) (Purified)
Quetiapine 25mg,quetiapine
Quetiapine 300mg,quetiapine
Quetiapine Fumarate,quetiapine fumarate
Quinagolide Hydrochloride equivalent to  150 mcg Quinagolide,quinagolide hydrochloride equivalent to quinagolide
Quinagolide Hydrochloride equivalent to  25 mcg Quinagolide,quinagolide hydrochloride equivalent to quinagolide
Quinagolide Hydrochloride equivalent to  75 mcg Quinagolide,quinagolide hydrochloride equivalent to quinagolide
Quinapril hydrochloride,quinapril hydrochloride
Quinapril Hydrochloride Equivalent To Quinapril,quinapril hydrochloride
Quinine Dihydrochloride,quinine dihydrochloride
Rabbit Anti-Human Thymocyte Immunoglobulin A,immunoglobulin (rabbit anti-human thymocyte)
Rabeprazole Sodium,rabeprazole sodium
Rabies Virus,rabies vaccine
Recombinant Hepatitis B,recombinant hepatitis B Vaccine
Recombinant Hepatitis B Vaccine,recombinant hepatitis B Vaccine
Risperidone 2 mg,risperidone
Roflumilast,roflumilast
Rubella vaccines (live attenuated),rubella vaccines (live attenuated)
Salbutamol sulphate equivalent to salbutamol,salbutamol sulphate
Salmonella Typhi,salmonella typhi
Salmonella typhi Vi Polysaccharide (Ty 2 strain),salmonella typhi Vi Polysaccharide (Ty 2 strain)
Sibutramine Hydrochloride Monohydrate,sibutramine hydrochloride monohydrate
Sitagliptin Phosphate,sitagliptin phosphate
Sodium ascorbate,sodium ascorbate
Sodium Borate,sodium borate
Sodium Chondroitin Sulphate,sodium chondroitin sulphate
Sodium Dihydrogen Phosphate,sodium dihydrogen phosphate
Sodium Flouride,sodium fluoride
Sodium Hydroxide,sodium hydroxide
Sodium Lactate Solution 60%,sodium lactate
Sodium molybdate,sodium molybdate
Sodium pertechnetate,sodium pertechnetate
"Sodium phosphate, dihydrate","sodium phosphate, dihydrate"
Sodium Picosulphate,sodium picosulphate
Sodium Selentite Pentahydrate,sodium selentite pentahydrate
Sodium sulphate anhydrous,sodium sulphate anhydrous
Sodium vaproate,sodium valproate
Sotalol Hydrochloride,sotalol hydrochloride
Soya Oil,soya oil
"Soya oil, fractionated",soya oil
Squill,squill
Streptococcus Pneumoniae Serotype 4,streptococcus Pneumoniae Serotype 4
Streptococcus Pneumoniae Serotypes,streptococcus Pneumoniae Serotype 5
Sulphasalazine,sulphasalazine
Suxamethonium Chloride,suxamethonium chloride
Tenofovir Disoproxil Fumarate Equivalent To Tenofovir Disoproxil,tenofovir disoproxil fumarate Equivalent To Tenofovir Disoproxil
Terbinafine Hydrochoride,terbinafine hydrochloride
Tetanus immune globulin (human),tetanus
Tetryzoline hydrochloride,tetryzoline hydrochloride
Thiopental Sodium,thiopental sodium
Tiotropium bromide Complete,tiotropium bromide
Tiotropium bromide Refill,tiotropium bromide
Topotecan Hydrochloride,topotecan hydrochloride
Triprodlidine Hydrochloride,tripolidine hydrochloride
Triptorelin 3.75mg,triptorelin
Ustekinumab,ustekinumab
Varicella-zoster immunoglobulin,varicella-zoster immunoglobulin
Varicella-Zoster Virus,varicella-Zoster Virus
Verapamil Hydrochloride,verapamil Hydrochloride
Vinblastine Sulphate,vinblastine sulphate
Vitamin B12,vitamin b12
Vitamin B2,vitamin b2
Vitamin C,vitamin c
Water for injections,water for injection
Zolpidem tartrate 10 mg,zolpidem tartrate
Zuclopenthixol acetate,zuclopenthixol acetate
Zuclopenthixol decanoate,zuclopenthixol decanoate
Zuclopenthixol dihydrochloride,zuclopenthixol dihydrochloride
(Each Unit consists of :-SACHET A x 2) Macrogol (PEG 3350),macrogol
Amino acids solution compartment,amino acids
Amino acids solution compartment with electrolytes,amino acids
Amoxycillin 125,amoxicillin
Amoxycillin 250,amoxicillin
Anhydrous Glucose,anhydrous glucose
Betamethasone 17 Valearate,betamethasone valerate
Biosynthetic Human Insulin (rDNA ORIGIN),biosynthetic human insulin
Bupenorphine Hydrochloride,bupenorphine hydrochloride
Cathine (pseudoephedrine hydrochloride),cathine
Chlorphamine maleate,chlorphenamine maleate
Clostridium Botulinum Toxin Type A,clostridium botulinum
Duloxetine Hydrochloride,duloxetine hcl
Efavirenz 600mg,efavirenz
Emtricitabine 200mg,emtricitabine
Epinastine hydrochloride,epinastine hcl
Factor VIII Inhibitor bypassing activity,factor VIII Inhibitor bypassing activity
Factor XIII,factor XIII
Granisetron Hydrochloride Equivalent to Granisetron,granisetron hydrochloride
Haemagglutinin strain:   - A/California/7/2009 (H1N1)-like strain;   - Variant A/California/7/2009 (NYMC X-181);   - A/Perth/16/2009 (H3N2)-like strain;   - Variant A/Victoria/210/2009 (NYMC X-187);   - B/Brisbane/60/2008),"haemagglutinin strain: 
 - a/california/7/2009 (h1n1)-like strain; 
 - variant a/california/7/2009 (nymc x-181); 
 - a/perth/16/2009 (h3n2)-like strain; 
 - variant a/victoria/210/2009 (nymc x-187); 
 - b/brisbane/60/2008)"
Hydrocortisone Butyrate,hydrocortisone butyrate
Levobunolol hydrochloride,levobunolol hcl
Live attenuated measles virus (SCHWARZ STRAIN),live attenuated measles virus (SCHWARZ STRAIN)
Live Attenuated Mumps Virus (Rit 4385 Strain),Live Attenuated Mumps Virus (Rit 4385 Strain)
live attenuated Mumps Virus (Urabe AM 9 strain),live attenuated Mumps Virus (Urabe AM 9 strain)
Live Attenuated Polio Virus Type1,Live Attenuated Polio Virus Type2
Live Attenuated Rubella Virus (Wistar Ra 27/3 Strain),Live Attenuated Rubella Virus (Wistar Ra 27/3 Strain)
live attenuated Rubella Virus (Wistar RA27/3M strain),live attenuated Rubella Virus (Wistar RA27/3M strain)
Live Attenuated Varicella Virus (Oka Strain),Live Attenuated Varicella Virus (Oka Strain)
magnesium sulfate heptahydrate,Magnesium sulfate heptahydrate
Measles vaccine (live attenuated),Measles vaccine (live attenuated)
Metoclopramide Monohydrochloride,metoclopramide monohydrohloride
Monobasic potassium phosphate,Monobasic potassium phosphate
"N-(2,6 Diisopropylacetanilide)-iminodiacetic acid","N-(2,6 Diisopropylacetanilide)-iminodiacetic acid"
Naltrexone hydrochloride,naltrexone hydrochloride
Prednisolone Caproate,prednisolone caproate
Quadrivalent Human Papilomavirus (Recombinant vaccine): Type 6,quadrivalent human papilomavirus (recominant vaccine): type 5
Quetiapine Hemifumarate,quetiapine hemifumarate
Romiplostim,romiplostim
Sodium ascorbate equivalent to Vitamin C,sodium ascorbate
Solifenacin Succinate,solifenacin succinate
Tenofovir Disoproxil Fumarate 300mg,tenofovir disoproxil fumarate
Thyroptropin Alpha,thyroptropin alpha
Tin Dichloride 2-Hydrate,tin dichloride 2-Hydrate
Trabectedin,trabectedin
 Tenofovir disoproxil,tenofovir disoproxil
 Atorvastatin,atorvastatin
 Erythromycin,erythromycin
 Chloride,chloride
 Lisinopril ,lisinopril
 Atorvastatin ,atorvastatin
 Meropenem Anhydrous,meropenem anhydrous
 Meropenem Anhydrous ,meropenem anhydrous
 D-Norpseudoephedrine hydrochloride   ,d-norpseudoephedrine hydrochloride
 Mebeverine Hydrochloride,mebeverine hydrochloride
 tetanus toxoid ,tetanus toxoid
 pertussis toxoid ,pertussis toxoid
 Hepatitis A virus ,hepatitis a virus
Retinol Palmitate,retinol palmitate
Cholecalciferol,cholecalciferol
Dl-Alpha-Tocopherol,dl-alpha-tocopherol
Cocarboxylase Tetrahydrate,cocarboxylase tetrahydrate
Riboflavin Sodium Phosphate,riboflavin sodium phosphate
D-Biotin,d-biotin
Effavirenz,effavirenz
Dasatinib,dasatinib
Ipratropium Bromide Monohydrate,ipratropium bromide monohydrate
Biosynthetic Human Insulin (30% Regular Insulin and 70% Isophane Insulin),biosynthetic human insulin (30% regular insulin and 70% isophane insulin)
Live Attenuated Human Rota Virus RIX4414 Strain,live attenuated human rota virus rix4414 strain
"Neisseria Meningitides Purified Polysaccharides Group A, C, W135, Y","neisseria meningitides purified polysaccharides group a, c, w135, y"
Methyl Hydroxybenzoate,methyl hydroxybenzoate
Montelukast Sodium 4 mg,montelukast sodium 4 mg
Montelukast Sodium 5 mg,montelukast sodium 5 mg
Montelukast Sodium 10 mg,montelukast sodium 10 mg
Ipecacuanha Liquid Extract,ipecacuanha liquid extract
Alcohol (100 %),alcohol (100 %)
Esomeprazole Magnesium Dihydrate,esomeprazole magnesium dihydrate
Leucovorin Calcium,leucovorin calcium
Glatiramer Acetate,glatiramer acetate
Fluoxetine hydrochloride,fluoxetine hydrochloride
Ampicillin sodium,ampicillin sodium
Tenofovir Disoproxil Fumerate,tenofovir disoproxil fumerate
Rosuvastatin calcium,rosuvastatin calcium
Total Protein,total protein
Golimumab,golimumab
Nilotinib,nilotinib
 Pantoprazole,pantoprazole
 levofloxacin,levofloxacin
Interleukin,interleukin (watch item)
Ropinirole HCI,Ropinirole HCI
Ketotifen Fumarate Equivalent to Ketotifen,Ketotifen Fumarate Equivalent to Ketotifen
Testosterone Cypionate,Testosterone Cypionate
Sodium Nitroprusside,Sodium Nitroprusside
Benoxinate (Oxybuprocaine) HCI,Benoxinate (Oxybuprocaine) HCI
Erythromycin Estolate equivalent to Erythromycin,Erythromycin Estolate equivalent to Erythromycin
Bendamustine hydrochloride,Bendamustine hydrochloride
Formoterol Fumarate Dihyrate,Formoterol Fumarate Dihyrate
Daptomycin,Daptomycin
Ropivacaine Hydrochloride,Ropivacaine Hydrochloride
Kanamycin Sulphate Equivalent to Kanamycin ,Kanamycin Sulphate Equivalent to Kanamycin 
Proguanil Hydrochloride,Proguanil Hydrochloride
Carbetocin ,Carbetocin 
Ondansetron hydrochloride dihydrate,Ondansetron hydrochloride dihydrate
Calcium Acetate,Calcium Acetate
Calcium polystyrene Sulphonate,Calcium polystyrene Sulphonate
Maraviroc,Maraviroc
Gentamicin 0.6g,gentamicin
Gentamicin 0.3g,gentamicin
Gentamicin 0.8g,gentamicin
Diphenhydramine Hydrochlode,Diphenhydramine Hydrochlode
Human Papiloma virus: Type 6 L 1 Protein,Human Papiloma virus: Type 6 L 1 Protein
Cyclizine HCl,Cyclizine HCl
Clobetasol Propionate,Clobetasol Propionate
Blue: Oestradiol Valerate,Blue: Oestradiol Valerate
Yellow: Placebo - Lactose,Yellow: Placebo - Lactose
White: Oestradiol Valerate,White: Oestradiol Valerate
Compound lavender tincture,Compound lavender tincture
Ethanol (100%),Ethanol (100%)
Silodosin,Silodosin
Valganciclovir Hydrochloride,Valganciclovir Hydrochloride
Ibandronate Monosodium,Ibandronate Monosodium
Purified diphtheria toxoid  ,Purified diphtheria toxoid  
Purified pertussis toxoid ,Purified pertussis toxoid 
Purified pertussis filamentous haemaglutinin   ,Purified pertussis filamentous haemaglutinin   
Hepatitis B surface antigen,Hepatitis B surface antigen
"Haemophilus influenzae type b polysaccharide, conjugated to tetanus protein [tetanus protein: 22  36  µg]","Haemophilus influenzae type b polysaccharide, conjugated to tetanus protein [tetanus protein: 22  36  µg]"
Inactivated poliomyelitis virus Type 1 (Mahoney),Inactivated poliomyelitis virus Type 1 (Mahoney)
Inactivated poliomyelitis virus Type 2 (MEF 1),Inactivated poliomyelitis virus Type 2 (MEF 1)
Inactivated poliomyelitis virus Type 3 (Saukett),Inactivated poliomyelitis virus Type 3 (Saukett)
Docetaxel Anhydrous,docetaxel anhydrous
Atorvastatin 10 mg,atorvastatin
Atorvastatin 20 mg,atorvastatin
Atorvastatin 40 mg,atorvastatin
Atorvastatin 80 mg,atorvastatin
Simvastatin 20 mg,simvastatin
Fluconazole 200 mg,fluconazole
Fosinopril sodium 10 mg,fosinopril
Fosinopril sodium 20 mg,fosinopril
Quinapril 5 mg,quinapril
Quinapril 10 mg,quinapril
Quinapril 20 mg,quinapril
Quinapril 40 mg,quinapril
Sumatriptan 50 mg,sumatriptan
Glimiperide 1 mg,glimiperide
Glimiperide 2 mg,glimiperide
Glimiperide 4 mg,glimiperide
Olanzapine 2.5mg,olanzapine
Olanzapine 5 mg,olanzapine
Olanzapine 10 mg,olanzapine
Vecuronium Bromide,vecuromiun bromide
Loratadine 10.5 mg,loratadine
Lisinopril 10 mg,lisinopril
Lisinopril 5 mg,lisinopril
Lisinopril 20 mg,lisinopril
Paroxetine 20mg,paroxetine
Carvedilol 6.5 mg,carvedilol
Carvedilol 12.5 mg,carvedilol
Carvedilol 25 mg,carvedilol
Sertraline 50 mg,sertraline
Abiraterone Acetate,abiraterone acetate
"Acetic acid, glacial","acetic acid, glacial"
Acetylcholine chloride,acetylcholine chloride
Amikacin Sulphate,amikacin sulphate
Ammonium chloride 125 mg,ammonium chloride
Amoxycillin 125 mg,amoxycillin
Amoxycillin 500 mg,amoxycillin
Amoxycillin Trihydrate 125 mg,amoxycillin trihydrate
Amoxycillin Trihydrate 250 mg,amoxycillin trihydrate
Anhydrous Methyldopa 250 mg,anhydrous methyldopa
Anidulafungin,anidulafungin
Betahistine Dihydrochloride,betahistine dihydrochloride
Candesartan cilexetil 16 mg,candesartan cilexetil
Candesartan cilexetil 8 mg,candesartan cilexetil
Captopril 25 mg,captopril
Carbocisteine 250 mg,carbocisteine
Ciclopirox Olamine,ciclopirox olamine
Ciprofloxacin Hydrochloride,ciprofloxacin hydrochloride
Clopidogrel Hydrogen Sulphate,clopidogrel hydrogen sulphate
Codeine phosphate 10 mg,codeine phosphate
Codeine phosphate 3 mg,codeine phosphate
Codeine phosphate 7.5 mg,codeine phosphate
Codorol Tablets,codorol tablets
Cyclobenzaprien Hydrochloride,cyclobenzaprien hydrochloride
Degarelix acetate,degarelix acetate
Desvenlafaxine,desvenlafaxine
Dexamethasone phosphate,dexamethasone phosphate
Dextromethorphan HBr,dextromethorphan hbr
Dicyclomine HCL,dicyclomine hcl
Dihydrocodeine Tartrate,dihydrocodeine tartrate
Diphenylpyraline Hydrochloride,diphenylpyraline hydrochloride
Diphtheria Toxoid Protein,diphtheria toxoid protein
Dipipanone Hydrochloride,dipipanone hydrochloride
Donepezil Hydrochloride,donepezil hydrochloride
Doxazocin 1 mg,doxazocin
Doxazocin 4 mg,doxazocin
Doxorubacin Hydrochloride,doxorubacin hydrochloride
Doxycycline 50 mg,doxycycline
Dried Aluminium hydroxide,dried aluminium hydroxide
Estramustine Phosphate,estramustine phosphate
Ethinyl estradiol (light brown),ethinyl estradiol (light brown)
Ethinyl estradiol (white),ethinyl estradiol (white)
Ethinyl estradiol (yellow),ethinyl estradiol (yellow)
Ferric Carboxylatose,ferric carboxylatose
Filamentous Hemagglutinin,filamentous hemagglutinin
Fingolimod Hydrochloride,fingolimod hydrochloride
Follitropin beta,follitropin beta
Ga-67,ga-67
Group A Meningococcal Polysaccharide,group a meningococcal polysaccharide
Group C Meningococcal Polysaccharide,group c meningococcal polysaccharide
Group W-135  Meningococcal Polysaccharide,group w-135  meningococcal polysaccharide
Group Y Meningococcal Polysaccharide,group y meningococcal polysaccharide
Haemophilus Influenza Type B: PRP,haemophilus influenza type b: prp
Haemophilus Influenza Type B: T,haemophilus influenza type b: t
Histamine Dihydrochloride,histamine dihydrochloride
Hyaluronic Acid Derivative,hyaluronic acid derivative
I-123,i-123
Imatinib mesilate,imatinib mesilate
Immunoglobulin A,immunoglobulin a
Immunoglobulin G,immunoglobulin g
Immunoglobulin M,immunoglobulin m
Iron sucrose,iron sucrose
Macrogol,macrogol
Mebeverine Hydrochloride 135 mg,mebeverine hydrochloride
Metformin Hydrochloride 500 mg,metformin hydrochloride
Metformin Hydrochloride 850 mg,metformin hydrochloride
Methoxyflurane,methoxyflurane
Nitrofurantoin Macrocrystals,nitrofurantoin macrocrystals
Norelgestromin,norelgestromin
Norgestrel,norgestrel
Norgestrel(Orange),norgestrel(orange)
Oestradiol Valerate(Orange),oestradiol valerate(orange)
Oxcarbazepine 600 mg,oxcarbazepine
Oxymetazoline Hydrochloride 0.25 mg,oxymetazoline hydrochloride
Panroprazole,panroprazole
Pantoprozole Sodium Sesquihydrate,pantoprozole sodium sesquihydrate
Phenyltoloxamine Dihydrogen Citrate,phenyltoloxamine dihydrogen citrate
Polio Virus Type 1 Mahoney Strain,polio virus type 1 mahoney strain
Polio Virus Type 2 MEF-1 Strain,polio virus type 2 mef-1 strain
Polio Virus Type 3 Saukett Strain,polio virus type 3 saukett strain
Propantheline bromide,propantheline bromide
Propiverine Hydrochloride,propiverine hydrochloride
Purified Polysaccharides of Streptococcus pneumoniae,purified polysaccharides of streptococcus pneumoniae
Quetiapine 100 mg,quetiapine
Quetiapine 200 mg,quetiapine
Quetiapine 25 mg,quetiapine
Quetiapine 300 mg,quetiapine
Quinagolide Hydrochloride equivalent to 150 mcg Quinagolide,quinagolide hydrochloride equivalent to 150 mcg quinagolide
Quinagolide Hydrochloride equivalent to 25 mcg Quinagolide,quinagolide hydrochloride equivalent to 25 mcg quinagolide
Quinagolide Hydrochloride equivalent to 75 mcg Quinagolide,quinagolide hydrochloride equivalent to 75 mcg quinagolide
Recombinant HBs AG,recombinant hbs ag
Retapamulin,retapamulin
Riboflavin,riboflavin
Rilpivirine,rilpivirine
Sennosides A & B,sennosides a & b
Terbinafine 250 mg,terbinafine
Thioguanine,thioguanine
Thyroxine Sodium,thyroxine sodium
Ticagrelor,ticagrelor
Valaciclovir hydrochloride,valaciclovir hydrochloride
Vitamin B6,vitamin b6
Vortioxetine hydrobromide,vortioxetine hydrobromide
"Yellow Fever, Live Attenuated yellow fever virus","yellow fever, live attenuated yellow fever virus"
Zopiclone 7.5 mg,zopiclone
?-Hydroxyethyl Theophylline,?-hydroxyethyl theophylline
Codeine Phoshate,codeine phosphate
Regorafenib,regorafenib
Tamsulosin HCl,tamsulosin hcl
Ipilimumab,ipilimumab
Phospholipids,phospholipids
Phenytoin Sodium 250Mg,phenytoin sodium 250mg
Urofollitropin,urofollitropin
Pazopanib,pazopanib
Proquanil Hydrochloride,proquanil hydrochloride
Tafluprost,tafluprost
Omalizumab,omalizumab
Magnesium Trisilicate,magnesium trisilicate
Pheniramine Maleate,pheniramine maleate
Elemental Iron,elemental iron
Monoethanolamine ,monoethanolamine
Thimerosal,thimerosal
Ethylenediamine,ethylenediamine
Coloured aqueous vehicle to,coloured aqueous vehicle to
Alcohol 95%,alcohol (95%)
Ephedrine Sulphate,ephedrine sulphate
Hylan G-F 20,hylan g-f 20
Sevelamer Carbonate,sevelamer carbonate
 Refined equine immunoglobulin ,refined equine immunoglobulin
